Architecture,Category,Loss Config,Rank,stem,storage_day,gt_class,pred_class,area,circularity,opt_volume,mean_phase,max_phase,dry_mass
dice_only,ABLATION,dice_only,8,20110511_1,0.0,0.0,1.0,20327.0,0.35315892624851,24978042.0,114.20832824707033,252.546875,24978042.0
dice_only,ABLATION,dice_only,8,20110511_1,0.0,0.0,1.0,1366.0,0.2952110161916727,1473465.0,112.65884399414062,228.0,1473465.0
dice_only,ABLATION,dice_only,8,20110511_1,0.0,0.0,1.0,1112.0,0.2777298668162443,1506715.0,114.50072479248048,254.0,1506715.0
dice_only,ABLATION,dice_only,8,20110511_2,0.0,0.0,1.0,12737.0,0.5238472458787266,22227294.0,111.88949584960938,251.671875,22227294.0
dice_only,ABLATION,dice_only,8,20110511_2,0.0,0.0,1.0,766.5,0.5109793190890486,1353417.0,110.6636962890625,218.0,1353417.0
dice_only,ABLATION,dice_only,8,20110511_2,0.0,0.0,1.0,367.0,0.7996903883311839,1334894.0,113.16497039794922,244.0,1334894.0
dice_only,ABLATION,dice_only,8,20110511_3,0.0,0.0,1.0,29827.0,0.2156663957718577,32852866.0,130.5555419921875,228.609375,32852866.0
dice_only,ABLATION,dice_only,8,20110511_3,0.0,0.0,1.0,1084.0,0.3305739993169113,2037936.0,130.62855529785156,228.0,2037936.0
dice_only,ABLATION,dice_only,8,20110511_3,0.0,0.0,1.0,999.0,0.2601293840752523,1965219.0,132.5522003173828,228.0,1965219.0
dice_only,ABLATION,dice_only,8,20110511_4,0.0,0.0,1.0,52735.0,0.1858696671520463,28698220.0,136.9176788330078,251.390625,28698220.0
dice_only,ABLATION,dice_only,8,20110511_4,0.0,0.0,1.0,1382.5,0.2350544017607372,1723971.0,137.6643829345703,228.0,1723971.0
dice_only,ABLATION,dice_only,8,20110511_4,0.0,0.0,1.0,2028.5,0.0987422222112305,1690353.0,140.0922393798828,251.0,1690353.0
dice_only,ABLATION,dice_only,8,20110511_5,0.0,0.0,1.0,14682.0,0.3566837805137628,21122470.0,127.46109008789062,254.625,21122470.0
dice_only,ABLATION,dice_only,8,20110511_5,0.0,0.0,1.0,776.5,0.4397956857324959,1302166.0,124.63304138183594,213.0,1302166.0
dice_only,ABLATION,dice_only,8,20110511_5,0.0,0.0,1.0,701.5,0.3694539286011407,1285115.0,127.46627807617188,253.0,1285115.0
dice_only,ABLATION,dice_only,8,20110511_6,0.0,0.0,1.0,35772.5,0.3488921463095454,25317154.0,121.88702392578124,252.875,25317154.0
dice_only,ABLATION,dice_only,8,20110511_6,0.0,0.0,1.0,2086.5,0.2705277642087919,1554319.0,121.326904296875,250.0,1554319.0
dice_only,ABLATION,dice_only,8,20110511_6,0.0,0.0,1.0,1243.5,0.226933007688961,1499353.0,123.57644653320312,252.0,1499353.0
dice_only,ABLATION,dice_only,8,20110516_1,5.0,0.0,1.0,15895.5,0.5016362317928752,27075432.0,116.708984375,252.84375,27075432.0
dice_only,ABLATION,dice_only,8,20110516_1,5.0,0.0,1.0,988.5,0.4448947449657463,1715775.0,114.37737274169922,252.0,1715775.0
dice_only,ABLATION,dice_only,8,20110516_1,5.0,0.0,1.0,860.5,0.3213507307817472,1652510.0,116.54630279541016,252.0,1652510.0
dice_only,ABLATION,dice_only,8,20110516_2,5.0,0.0,1.0,22171.0,0.3744285728786254,31891096.0,116.21612548828124,250.109375,31891096.0
dice_only,ABLATION,dice_only,8,20110516_2,5.0,0.0,1.0,1227.0,0.2583311150734749,1937518.0,116.4653778076172,221.0,1937518.0
dice_only,ABLATION,dice_only,8,20110516_2,5.0,0.0,1.0,1253.0,0.2803385098535691,1914933.0,117.52381134033205,248.0,1914933.0
dice_only,ABLATION,dice_only,8,20110516_3,5.0,0.0,1.0,45474.5,0.1884309588684133,42031680.0,114.17523193359376,246.625,42031680.0
dice_only,ABLATION,dice_only,8,20110516_3,5.0,0.0,1.0,1501.0,0.2552800976672085,2507728.0,115.71814727783205,229.0,2507728.0
dice_only,ABLATION,dice_only,8,20110516_3,5.0,0.0,1.0,1322.5,0.1846470450670697,2443109.0,116.82808685302734,235.0,2443109.0
dice_only,ABLATION,dice_only,8,20110516_5,5.0,0.0,1.0,27200.5,0.1883264839280445,32951970.0,121.1808090209961,254.984375,32951970.0
dice_only,ABLATION,dice_only,8,20110516_5,5.0,0.0,1.0,1125.0,0.3557802106288272,2041287.0,120.5792999267578,250.0,2041287.0
dice_only,ABLATION,dice_only,8,20110516_5,5.0,0.0,1.0,1093.0,0.3428049984703219,1956599.0,122.81708526611328,253.0,1956599.0
dice_only,ABLATION,dice_only,8,20110516_6,5.0,0.0,1.0,42597.5,0.1858046757070138,27437426.0,115.88220977783205,254.796875,27437426.0
dice_only,ABLATION,dice_only,8,20110516_6,5.0,0.0,1.0,1046.5,0.379033101040589,1536058.0,113.9677963256836,203.0,1536058.0
dice_only,ABLATION,dice_only,8,20110516_6,5.0,0.0,1.0,2447.0,0.1471311388336605,1674495.0,116.32476806640624,248.0,1674495.0
dice_only,ABLATION,dice_only,8,20110516_7,5.0,0.0,1.0,23013.5,0.4205519183531074,38346292.0,133.7095489501953,246.75,38346292.0
dice_only,ABLATION,dice_only,8,20110516_7,5.0,0.0,1.0,1035.5,0.3472447610493416,2351340.0,133.40179443359375,246.0,2351340.0
dice_only,ABLATION,dice_only,8,20110516_7,5.0,0.0,1.0,1257.0,0.2429304702296232,2274116.0,135.89793395996094,246.0,2274116.0
dice_only,ABLATION,dice_only,8,20110519_1,8.0,0.0,1.0,83736.0,0.1643032115312143,35882576.0,107.4625015258789,232.21875,35882576.0
dice_only,ABLATION,dice_only,8,20110519_1,8.0,0.0,1.0,4099.0,0.1661203013829776,2232611.0,107.99646759033205,234.0,2232611.0
dice_only,ABLATION,dice_only,8,20110519_1,8.0,0.0,1.0,4485.0,0.077147088796746,2117201.0,109.46698760986328,254.0,2117201.0
dice_only,ABLATION,dice_only,8,20110519_10,8.0,0.0,1.0,60140.0,0.1328325035023855,35947940.0,105.56591033935548,201.203125,35947940.0
dice_only,ABLATION,dice_only,8,20110519_10,8.0,0.0,1.0,1806.0,0.2252450898117383,2164868.0,105.69612121582033,201.0,2164868.0
dice_only,ABLATION,dice_only,8,20110519_10,8.0,0.0,1.0,2094.5,0.1590662741963834,2137770.0,105.8302001953125,201.0,2137770.0
dice_only,ABLATION,dice_only,8,20110519_4,8.0,0.0,1.0,28058.0,0.345986101491603,31378544.0,107.9264678955078,254.53125,31378544.0
dice_only,ABLATION,dice_only,8,20110519_4,8.0,0.0,1.0,1549.0,0.1992062635807763,1928650.0,107.88442993164062,255.0,1928650.0
dice_only,ABLATION,dice_only,8,20110519_4,8.0,0.0,1.0,1533.5,0.2046046958790915,1867156.0,108.12809753417967,255.0,1867156.0
dice_only,ABLATION,dice_only,8,20110519_5,8.0,0.0,1.0,59230.5,0.1998327189183712,25358232.0,87.56173706054688,225.28125,25358232.0
dice_only,ABLATION,dice_only,8,20110519_5,8.0,0.0,1.0,3098.5,0.1524702168573156,1549627.0,87.49517059326172,218.0,1549627.0
dice_only,ABLATION,dice_only,8,20110519_5,8.0,0.0,1.0,2504.0,0.2212999525058031,1497860.0,88.07832336425781,224.0,1497860.0
dice_only,ABLATION,dice_only,8,20110519_7,8.0,0.0,1.0,56804.0,0.1644976766607541,33862040.0,92.94713592529295,246.6875,33862040.0
dice_only,ABLATION,dice_only,8,20110519_7,8.0,0.0,1.0,2364.5,0.17786972888382,2019874.0,92.69729614257812,244.0,2019874.0
dice_only,ABLATION,dice_only,8,20110519_7,8.0,0.0,1.0,2482.5,0.2173690108904605,2024323.0,93.50653839111328,244.0,2024323.0
dice_only,ABLATION,dice_only,8,20110519_8,8.0,0.0,1.0,67125.5,0.1862969924524653,28777474.0,91.84046173095705,246.484375,28777474.0
dice_only,ABLATION,dice_only,8,20110519_8,8.0,0.0,1.0,2820.5,0.1389009412612971,1723791.0,90.74494934082033,242.0,1723791.0
dice_only,ABLATION,dice_only,8,20110519_8,8.0,0.0,1.0,1339.0,0.2141496766247782,1713707.0,92.96951293945312,245.0,1713707.0
dice_only,ABLATION,dice_only,8,20110523_2,12.0,0.0,1.0,64078.5,0.1442707475848528,35893472.0,102.82601165771484,254.234375,35893472.0
dice_only,ABLATION,dice_only,8,20110523_2,12.0,0.0,1.0,2981.5,0.117106383476493,2118128.0,103.3686981201172,250.0,2118128.0
dice_only,ABLATION,dice_only,8,20110523_2,12.0,0.0,1.0,3678.0,0.1259689207104012,2148314.0,103.14547729492188,250.0,2148314.0
dice_only,ABLATION,dice_only,8,20110523_3,12.0,0.0,1.0,217353.5,0.0434116858223682,42115052.0,103.06885528564452,249.828125,42115052.0
dice_only,ABLATION,dice_only,8,20110523_3,12.0,0.0,1.0,3574.5,0.1125098252678995,2449494.0,103.0758285522461,241.0,2449494.0
dice_only,ABLATION,dice_only,8,20110523_3,12.0,0.0,1.0,5085.0,0.0706829991639125,2562244.0,103.24967956542967,253.0,2562244.0
dice_only,ABLATION,dice_only,8,20110523_4,12.0,0.0,1.0,35972.0,0.2688246836541031,39755192.0,121.15279388427734,253.46875,39755192.0
dice_only,ABLATION,dice_only,8,20110523_4,12.0,0.0,1.0,2078.0,0.1968780114263268,2422766.0,121.1564712524414,239.0,2422766.0
dice_only,ABLATION,dice_only,8,20110523_4,12.0,0.0,1.0,1673.0,0.2500420885619517,2348434.0,122.46735382080078,248.0,2348434.0
dice_only,ABLATION,dice_only,8,20110523_6,12.0,0.0,1.0,83523.5,0.1359265142238416,35088976.0,109.79542541503906,247.96875,35088976.0
dice_only,ABLATION,dice_only,8,20110523_6,12.0,0.0,1.0,1934.5,0.2439655493493887,2077208.0,110.60745239257812,238.0,2077208.0
dice_only,ABLATION,dice_only,8,20110523_6,12.0,0.0,1.0,2277.5,0.3248152235960984,2068178.0,111.0968017578125,246.0,2068178.0
dice_only,ABLATION,dice_only,8,20110523_7,12.0,0.0,1.0,50487.5,0.1784253722021405,37848384.0,109.92947387695312,253.875,37848384.0
dice_only,ABLATION,dice_only,8,20110523_7,12.0,0.0,1.0,1750.0,0.2053843383332534,2182724.0,110.96715545654295,218.0,2182724.0
dice_only,ABLATION,dice_only,8,20110523_7,12.0,0.0,1.0,2234.5,0.1501590351261906,2219846.0,111.02560424804688,225.0,2219846.0
dice_only,ABLATION,dice_only,8,20110523_9,12.0,0.0,1.0,57297.5,0.1441102620869355,41885052.0,102.99210357666016,216.203125,41885052.0
dice_only,ABLATION,dice_only,8,20110523_9,12.0,0.0,1.0,2136.5,0.1643047925411254,2437654.0,103.63294219970705,197.0,2437654.0
dice_only,ABLATION,dice_only,8,20110523_9,12.0,0.0,1.0,2915.5,0.1312317529864695,2444858.0,103.80240631103516,215.0,2444858.0
dice_only,ABLATION,dice_only,8,20110526_2,15.0,0.0,1.0,73701.0,0.1373126013134926,41725684.0,91.90435791015624,253.109375,41725684.0
dice_only,ABLATION,dice_only,8,20110526_2,15.0,0.0,1.0,3440.5,0.1321541790031158,2490188.0,91.81770324707033,254.0,2490188.0
dice_only,ABLATION,dice_only,8,20110526_2,15.0,0.0,1.0,3513.0,0.1325506807168865,2441017.0,93.22908020019533,254.0,2441017.0
dice_only,ABLATION,dice_only,8,20110526_3,15.0,0.0,1.0,393997.0,0.0489426310692564,58508388.0,98.89285278320312,253.734375,58508388.0
dice_only,ABLATION,dice_only,8,20110526_3,15.0,0.0,1.0,6857.0,0.0923663576659185,3408657.0,100.94042205810548,255.0,3408657.0
dice_only,ABLATION,dice_only,8,20110526_3,15.0,0.0,1.0,6471.0,0.0888989234448681,3227533.0,101.28771209716795,255.0,3227533.0
dice_only,ABLATION,dice_only,8,20110526_5,15.0,0.0,1.0,225257.5,0.1024674361984285,57478736.0,96.1443099975586,254.421875,57478736.0
dice_only,ABLATION,dice_only,8,20110526_5,15.0,0.0,1.0,3664.0,0.1473240965434899,3371970.0,97.37979125976562,253.0,3371970.0
dice_only,ABLATION,dice_only,8,20110526_5,15.0,0.0,1.0,8526.0,0.1173687078716223,3143731.0,97.61624145507812,253.0,3143731.0
dice_only,ABLATION,dice_only,8,20110526_6,15.0,0.0,1.0,192354.0,0.1084244865051557,48614768.0,103.2480697631836,250.859375,48614768.0
dice_only,ABLATION,dice_only,8,20110526_6,15.0,0.0,1.0,2727.0,0.1449214292671449,2791073.0,102.5300521850586,207.0,2791073.0
dice_only,ABLATION,dice_only,8,20110526_6,15.0,0.0,1.0,4170.5,0.0959572953814571,2740603.0,105.1772232055664,251.0,2740603.0
dice_only,ABLATION,dice_only,8,20110526_7,15.0,0.0,1.0,111192.0,0.0946451490673019,49029532.0,98.75765991210938,253.171875,49029532.0
dice_only,ABLATION,dice_only,8,20110526_7,15.0,0.0,1.0,2650.0,0.1475302022327483,2870764.0,99.78671264648438,207.0,2870764.0
dice_only,ABLATION,dice_only,8,20110526_7,15.0,0.0,1.0,5760.5,0.0565003461408729,2752320.0,100.88410186767578,251.0,2752320.0
dice_only,ABLATION,dice_only,8,20110526_8,15.0,0.0,1.0,317864.5,0.0673384988219761,55047176.0,96.68222045898438,246.296875,55047176.0
dice_only,ABLATION,dice_only,8,20110526_8,15.0,0.0,1.0,4587.5,0.1060028135185638,3295623.0,98.0081787109375,245.0,3295623.0
dice_only,ABLATION,dice_only,8,20110526_8,15.0,0.0,1.0,9124.0,0.0498978204209217,3192984.0,97.06298828125,245.0,3192984.0
dice_only,ABLATION,dice_only,8,20110530_4,19.0,0.0,1.0,16081.0,0.4669172491223037,22783352.0,113.69845581054688,231.15625,22783352.0
dice_only,ABLATION,dice_only,8,20110530_4,19.0,0.0,1.0,896.0,0.3753551418516847,1358076.0,112.86262512207033,230.0,1358076.0
dice_only,ABLATION,dice_only,8,20110530_4,19.0,0.0,1.0,894.0,0.4165496261065685,1400246.0,113.42616271972656,230.0,1400246.0
dice_only,ABLATION,dice_only,8,20110530_5,19.0,0.0,1.0,22916.0,0.429161110852704,23323008.0,121.87645721435548,254.671875,23323008.0
dice_only,ABLATION,dice_only,8,20110530_5,19.0,0.0,1.0,1193.5,0.2609836824714133,1168183.0,118.97168731689452,231.0,1168183.0
dice_only,ABLATION,dice_only,8,20110530_5,19.0,0.0,1.0,1269.5,0.2854394297299643,1404585.0,123.1875991821289,252.0,1404585.0
dice_only,ABLATION,dice_only,8,20110530_6,19.0,0.0,1.0,21294.5,0.3134502197613979,25950942.0,117.18221282958984,252.609375,25950942.0
dice_only,ABLATION,dice_only,8,20110530_6,19.0,0.0,1.0,833.5,0.3252997507031145,1500247.0,114.4440460205078,227.0,1500247.0
dice_only,ABLATION,dice_only,8,20110530_6,19.0,0.0,1.0,1177.0,0.2196735571254552,1594462.0,116.1467056274414,250.0,1594462.0
dice_only,ABLATION,dice_only,8,20110530_7,19.0,0.0,1.0,23222.5,0.3843690304614798,27121108.0,117.64828491210938,250.359375,27121108.0
dice_only,ABLATION,dice_only,8,20110530_7,19.0,0.0,1.0,879.5,0.2788194245927587,1500372.0,114.66350555419922,247.0,1500372.0
dice_only,ABLATION,dice_only,8,20110530_7,19.0,0.0,1.0,1373.0,0.2510301818700407,1644170.0,116.95618438720705,252.0,1644170.0
dice_only,ABLATION,dice_only,8,20110530_8,19.0,0.0,1.0,32277.5,0.288122224450319,28938638.0,119.0058135986328,254.78125,28938638.0
dice_only,ABLATION,dice_only,8,20110530_8,19.0,0.0,1.0,1717.0,0.1591600422795876,1605544.0,117.75167083740234,254.0,1605544.0
dice_only,ABLATION,dice_only,8,20110530_8,19.0,0.0,1.0,1852.5,0.2080633165166505,1748614.0,119.59606170654295,254.0,1748614.0
dice_only,ABLATION,dice_only,8,20110530_9,19.0,0.0,1.0,14520.0,0.4709931214058391,19455602.0,119.10743713378906,254.15625,19455602.0
dice_only,ABLATION,dice_only,8,20110530_9,19.0,0.0,1.0,698.0,0.5172183381023694,1142711.0,116.5793685913086,229.0,1142711.0
dice_only,ABLATION,dice_only,8,20110530_9,19.0,0.0,1.0,788.0,0.3762689642493933,1178203.0,120.11448669433594,255.0,1178203.0
dice_only,ABLATION,dice_only,8,20110603_1,23.0,0.0,1.0,4751.5,0.5494112697756875,8335891.0,126.1733169555664,229.859375,8335891.0
dice_only,ABLATION,dice_only,8,20110603_1,23.0,0.0,1.0,174.0,0.0884863664755714,244912.0,118.6589126586914,193.0,244912.0
dice_only,ABLATION,dice_only,8,20110603_1,23.0,0.0,1.0,301.5,0.3570425027520187,472781.0,126.47966766357422,227.0,472781.0
dice_only,ABLATION,dice_only,8,20110603_10,23.0,0.0,1.0,24621.0,0.2975315239954069,22518646.0,154.16656494140625,254.609375,22518646.0
dice_only,ABLATION,dice_only,8,20110603_10,23.0,0.0,1.0,1136.5,0.2980642124356345,1314770.0,154.56971740722656,255.0,1314770.0
dice_only,ABLATION,dice_only,8,20110603_10,23.0,0.0,1.0,1401.0,0.218641136662498,1362206.0,155.025146484375,255.0,1362206.0
dice_only,ABLATION,dice_only,8,20110603_3,23.0,0.0,1.0,15349.0,0.4486604858590451,21002178.0,140.5655517578125,239.765625,21002178.0
dice_only,ABLATION,dice_only,8,20110603_3,23.0,0.0,1.0,877.0,0.3445227561645997,1150786.0,138.28237915039062,232.0,1150786.0
dice_only,ABLATION,dice_only,8,20110603_3,23.0,0.0,1.0,791.5,0.3249499088977862,1255377.0,141.24403381347656,239.0,1255377.0
dice_only,ABLATION,dice_only,8,20110603_5,23.0,0.0,1.0,15073.5,0.3765502948185455,24736850.0,140.3533172607422,253.171875,24736850.0
dice_only,ABLATION,dice_only,8,20110603_5,23.0,0.0,1.0,692.0,0.5221246653365287,1476974.0,139.1140594482422,248.0,1476974.0
dice_only,ABLATION,dice_only,8,20110603_5,23.0,0.0,1.0,683.0,0.4292896027917413,1495726.0,140.97323608398438,254.0,1495726.0
dice_only,ABLATION,dice_only,8,20110603_6,23.0,0.0,1.0,15588.0,0.4211272312798718,22199532.0,145.4400634765625,254.25,22199532.0
dice_only,ABLATION,dice_only,8,20110603_6,23.0,0.0,1.0,668.0,0.4239671653290813,1276936.0,143.88011169433594,255.0,1276936.0
dice_only,ABLATION,dice_only,8,20110603_6,23.0,0.0,1.0,888.0,0.3063555144711158,1332899.0,146.11915588378906,255.0,1332899.0
dice_only,ABLATION,dice_only,8,20110603_9,23.0,0.0,1.0,10822.0,0.6316846877187684,18313544.0,138.86204528808594,237.1875,18313544.0
dice_only,ABLATION,dice_only,8,20110603_9,23.0,0.0,1.0,619.0,0.4538827446970278,1044197.0,137.23182678222656,227.0,1044197.0
dice_only,ABLATION,dice_only,8,20110603_9,23.0,0.0,1.0,599.0,0.3772506988722488,1085473.0,139.55682373046875,236.0,1085473.0
dice_only,ABLATION,dice_only,8,20110607_1,27.0,0.0,1.0,19861.0,0.2950150719378933,12443836.0,125.6141357421875,255.0,12443836.0
dice_only,ABLATION,dice_only,8,20110607_1,27.0,0.0,1.0,771.0,0.3028814644181546,658780.0,120.28117370605467,255.0,658780.0
dice_only,ABLATION,dice_only,8,20110607_1,27.0,0.0,1.0,463.5,0.322804870268165,754362.0,126.46471405029295,243.0,754362.0
dice_only,ABLATION,dice_only,8,20110607_2,27.0,0.0,1.0,11017.0,0.5248602600888285,13066353.0,124.97108459472656,254.328125,13066353.0
dice_only,ABLATION,dice_only,8,20110607_2,27.0,0.0,1.0,647.0,0.4155171247668648,712779.0,118.75691223144533,218.0,712779.0
dice_only,ABLATION,dice_only,8,20110607_2,27.0,0.0,1.0,546.5,0.4467632747913851,800701.0,125.4034423828125,253.0,800701.0
dice_only,ABLATION,dice_only,8,20110607_3,27.0,0.0,1.0,13979.5,0.3545132602350795,12795748.0,129.6021270751953,254.625,12795748.0
dice_only,ABLATION,dice_only,8,20110607_3,27.0,0.0,1.0,827.0,0.2668661681997817,767539.0,124.31794738769533,234.0,767539.0
dice_only,ABLATION,dice_only,8,20110607_3,27.0,0.0,1.0,731.5,0.4828081268191518,782983.0,129.6544189453125,255.0,782983.0
dice_only,ABLATION,dice_only,8,20110607_4,27.0,0.0,1.0,11412.0,0.5552341511973382,12398538.0,122.4559555053711,254.625,12398538.0
dice_only,ABLATION,dice_only,8,20110607_4,27.0,0.0,1.0,641.5,0.4204433243127378,710812.0,119.18376922607422,246.0,710812.0
dice_only,ABLATION,dice_only,8,20110607_4,27.0,0.0,1.0,632.5,0.4450409780518276,734578.0,124.48365020751952,252.0,734578.0
dice_only,ABLATION,dice_only,8,20110607_7,27.0,0.0,1.0,18159.0,0.4178989414190859,22239258.0,127.63363647460938,251.796875,22239258.0
dice_only,ABLATION,dice_only,8,20110607_7,27.0,0.0,1.0,690.0,0.537135039638097,1204530.0,121.89131927490234,233.0,1204530.0
dice_only,ABLATION,dice_only,8,20110607_7,27.0,0.0,1.0,658.0,0.5328672119047088,1360681.0,127.4045867919922,250.0,1360681.0
dice_only,ABLATION,dice_only,8,20110607_9,27.0,0.0,1.0,11671.5,0.5864043046294798,18884498.0,130.25143432617188,254.609375,18884498.0
dice_only,ABLATION,dice_only,8,20110607_9,27.0,0.0,1.0,705.0,0.5004310739459114,1058751.0,127.0551986694336,255.0,1058751.0
dice_only,ABLATION,dice_only,8,20110607_9,27.0,0.0,1.0,680.5,0.5061351735885998,1153819.0,130.4044952392578,255.0,1153819.0
dice_only,ABLATION,dice_only,8,20110610_1,30.0,0.0,1.0,43684.5,0.1560141816342876,32824116.0,142.2799072265625,255.0,32824116.0
dice_only,ABLATION,dice_only,8,20110610_1,30.0,0.0,1.0,719.0,0.2995249028312272,1502141.0,136.50863647460938,255.0,1502141.0
dice_only,ABLATION,dice_only,8,20110610_1,30.0,0.0,1.0,1386.5,0.1690521521667976,1909682.0,143.6391143798828,255.0,1909682.0
dice_only,ABLATION,dice_only,8,20110610_10,30.0,0.0,1.0,20368.5,0.3689555860382721,22669962.0,109.05368041992188,249.71875,22669962.0
dice_only,ABLATION,dice_only,8,20110610_10,30.0,0.0,1.0,770.0,0.5089602528792951,1239424.0,105.19640350341795,238.0,1239424.0
dice_only,ABLATION,dice_only,8,20110610_10,30.0,0.0,1.0,742.5,0.4102411619756042,1361297.0,110.35157012939452,246.0,1361297.0
dice_only,ABLATION,dice_only,8,20110610_3,30.0,0.0,1.0,28636.0,0.2280775164354289,31659818.0,101.40098571777344,252.0,31659818.0
dice_only,ABLATION,dice_only,8,20110610_3,30.0,0.0,1.0,1508.5,0.1892468026539886,1462857.0,95.85590362548828,238.0,1462857.0
dice_only,ABLATION,dice_only,8,20110610_3,30.0,0.0,1.0,964.0,0.251801764660334,1848533.0,102.1514663696289,252.0,1848533.0
dice_only,ABLATION,dice_only,8,20110610_4,30.0,0.0,1.0,35507.0,0.2097772251284676,30099400.0,119.61293029785156,254.53125,30099400.0
dice_only,ABLATION,dice_only,8,20110610_4,30.0,0.0,1.0,1209.5,0.2830596349619871,1585533.0,115.19419860839844,223.0,1585533.0
dice_only,ABLATION,dice_only,8,20110610_4,30.0,0.0,1.0,1010.5,0.2682287386309503,1804643.0,119.08690643310548,255.0,1804643.0
dice_only,ABLATION,dice_only,8,20110610_6,30.0,0.0,1.0,14287.5,0.42472454746524,27999592.0,119.88590240478516,253.875,27999592.0
dice_only,ABLATION,dice_only,8,20110610_6,30.0,0.0,1.0,790.0,0.3373732793467713,1414518.0,116.50753784179688,241.0,1414518.0
dice_only,ABLATION,dice_only,8,20110610_6,30.0,0.0,1.0,1321.0,0.214847773667933,1652377.0,121.21310424804688,253.0,1652377.0
dice_only,ABLATION,dice_only,8,20110610_9,30.0,0.0,1.0,13424.0,0.3068145343666331,18724366.0,100.31319427490234,250.25,18724366.0
dice_only,ABLATION,dice_only,8,20110610_9,30.0,0.0,1.0,626.5,0.4279153645248024,843468.0,95.57711029052734,247.0,843468.0
dice_only,ABLATION,dice_only,8,20110610_9,30.0,0.0,1.0,599.0,0.3892878261457875,1070161.0,100.56958770751952,247.0,1070161.0
dice_only,ABLATION,dice_only,8,20110617_1,37.0,0.0,1.0,9575.5,0.5874743311337509,14723366.0,119.57771301269533,255.0,14723366.0
dice_only,ABLATION,dice_only,8,20110617_1,37.0,0.0,1.0,391.0,0.8336977109099487,508799.0,104.58355712890624,238.0,508799.0
dice_only,ABLATION,dice_only,8,20110617_1,37.0,0.0,1.0,372.0,0.8471475814057212,866679.0,120.2885513305664,255.0,866679.0
dice_only,ABLATION,dice_only,8,20110617_10,37.0,0.0,1.0,8009.5,0.5212991815043176,9881474.0,119.52043914794922,252.140625,9881474.0
dice_only,ABLATION,dice_only,8,20110617_10,37.0,0.0,1.0,377.5,0.3045228081338643,500054.0,111.86890411376952,252.0,500054.0
dice_only,ABLATION,dice_only,8,20110617_10,37.0,0.0,1.0,461.5,0.4474938468382244,587780.0,121.56773376464844,252.0,587780.0
dice_only,ABLATION,dice_only,8,20110617_3,37.0,0.0,1.0,16422.5,0.4607884631797699,21610208.0,111.42041015625,224.0,21610208.0
dice_only,ABLATION,dice_only,8,20110617_3,37.0,0.0,1.0,792.0,0.5592978174590372,747501.0,97.80204010009766,210.0,747501.0
dice_only,ABLATION,dice_only,8,20110617_3,37.0,0.0,1.0,706.0,0.4909591854823902,1296275.0,110.4717025756836,224.0,1296275.0
dice_only,ABLATION,dice_only,8,20110617_6,37.0,0.0,2.0,20033.0,0.3190594942964015,20794432.0,121.4784164428711,251.5,20794432.0
dice_only,ABLATION,dice_only,8,20110617_6,37.0,0.0,1.0,708.5,0.5337425091117747,735766.0,110.44220733642578,251.0,735766.0
dice_only,ABLATION,dice_only,8,20110617_6,37.0,0.0,2.0,1045.5,0.2018963500524031,1236331.0,120.5470962524414,251.0,1236331.0
dice_only,ABLATION,dice_only,8,20110617_8,37.0,0.0,1.0,8646.0,0.5055463279632617,15516016.0,124.06854248046876,254.953125,15516016.0
dice_only,ABLATION,dice_only,8,20110617_8,37.0,0.0,1.0,417.0,0.7209545766894773,644908.0,110.88514709472656,228.0,644908.0
dice_only,ABLATION,dice_only,8,20110617_8,37.0,0.0,1.0,386.0,0.7590260095850117,958047.0,120.7368621826172,253.0,958047.0
dice_only,ABLATION,dice_only,8,20110617_9,37.0,0.0,1.0,12511.0,0.4732799451013384,12136772.0,109.59503173828124,254.953125,12136772.0
dice_only,ABLATION,dice_only,8,20110617_9,37.0,0.0,1.0,604.5,0.4201148611949453,479635.0,99.50933837890624,251.0,479635.0
dice_only,ABLATION,dice_only,8,20110617_9,37.0,0.0,1.0,686.5,0.3751673996841956,699912.0,113.12623596191406,252.0,699912.0
dice_only,ABLATION,dice_only,8,20110627_1,47.0,0.0,2.0,13634.5,0.3134194022670019,19245818.0,123.66549682617188,250.875,19245818.0
dice_only,ABLATION,dice_only,8,20110627_1,47.0,0.0,3.0,560.0,0.4621563355301899,581168.0,107.94353485107422,245.0,581168.0
dice_only,ABLATION,dice_only,8,20110627_1,47.0,0.0,2.0,388.5,0.3418876712069504,1142761.0,118.2982406616211,245.0,1142761.0
dice_only,ABLATION,dice_only,8,20110627_10,47.0,0.0,2.0,11988.0,0.3751705586875397,20314046.0,116.07498931884766,244.8125,20314046.0
dice_only,ABLATION,dice_only,8,20110627_10,47.0,0.0,3.0,377.0,0.8585339736289165,446693.0,102.42903137207033,244.0,446693.0
dice_only,ABLATION,dice_only,8,20110627_10,47.0,0.0,2.0,533.0,0.3635135894375675,1157409.0,116.11245727539062,244.0,1157409.0
dice_only,ABLATION,dice_only,8,20110627_3,47.0,0.0,2.0,14428.0,0.2659733218463637,23484142.0,131.8511962890625,254.171875,23484142.0
dice_only,ABLATION,dice_only,8,20110627_3,47.0,0.0,3.0,571.0,0.2885930875800969,730081.0,123.55406951904295,252.0,730081.0
dice_only,ABLATION,dice_only,8,20110627_3,47.0,0.0,2.0,412.5,0.4296431263844614,1307148.0,132.55734252929688,253.0,1307148.0
dice_only,ABLATION,dice_only,8,20110627_4,47.0,0.0,2.0,8967.0,0.3016549431886898,18443978.0,123.06648254394533,239.609375,18443978.0
dice_only,ABLATION,dice_only,8,20110627_4,47.0,0.0,3.0,533.5,0.4040519054552827,563755.0,113.52295684814452,239.0,563755.0
dice_only,ABLATION,dice_only,8,20110627_4,47.0,0.0,2.0,488.0,0.3463976789333407,1030929.0,122.3799819946289,239.0,1030929.0
dice_only,ABLATION,dice_only,8,20110627_5,47.0,0.0,2.0,12645.5,0.5567820200630395,17813666.0,105.56745910644533,231.53125,17813666.0
dice_only,ABLATION,dice_only,8,20110627_5,47.0,0.0,1.0,759.5,0.5012888198025183,464208.0,85.88491821289062,232.0,464208.0
dice_only,ABLATION,dice_only,8,20110627_5,47.0,0.0,2.0,743.5,0.3983201616031225,1012429.0,102.8055419921875,232.0,1012429.0
dice_only,ABLATION,dice_only,8,20110627_6,47.0,0.0,2.0,13515.0,0.2206367253134497,15993344.0,121.79840087890624,254.75,15993344.0
dice_only,ABLATION,dice_only,8,20110627_6,47.0,0.0,3.0,365.0,0.8661703756403201,500489.0,107.9337921142578,225.0,500489.0
dice_only,ABLATION,dice_only,8,20110627_6,47.0,0.0,2.0,483.0,0.336889605497261,953399.0,119.39875030517578,250.0,953399.0
full,ABLATION,full,8,20110511_1,0.0,0.0,1.0,35544.5,0.2701296321680697,25563480.0,108.26111602783205,252.546875,25563480.0
full,ABLATION,full,8,20110511_1,0.0,0.0,1.0,940.0,0.2452149312604445,1548780.0,114.59711456298828,254.0,1548780.0
full,ABLATION,full,8,20110511_1,0.0,0.0,1.0,1149.0,0.2499069233643385,1507260.0,113.47286224365234,254.0,1507260.0
full,ABLATION,full,8,20110511_2,0.0,0.0,1.0,20134.0,0.3613886280175346,22766776.0,107.48067474365234,251.671875,22766776.0
full,ABLATION,full,8,20110511_2,0.0,0.0,1.0,735.5,0.4629455983715863,1388690.0,112.34446716308594,244.0,1388690.0
full,ABLATION,full,8,20110511_2,0.0,0.0,1.0,697.0,0.3745944005892112,1337502.0,112.47073364257812,244.0,1337502.0
full,ABLATION,full,8,20110511_3,0.0,0.0,1.0,34198.5,0.2900551849110937,34693212.0,122.7600555419922,228.609375,34693212.0
full,ABLATION,full,8,20110511_3,0.0,0.0,1.0,736.5,0.4885350805960286,2029371.0,132.20657348632812,228.0,2029371.0
full,ABLATION,full,8,20110511_3,0.0,0.0,1.0,1071.0,0.272180236459811,1974096.0,131.3175048828125,228.0,1974096.0
full,ABLATION,full,8,20110511_4,0.0,0.0,1.0,56562.5,0.2497846227293691,29148734.0,134.08248901367188,251.390625,29148734.0
full,ABLATION,full,8,20110511_4,0.0,0.0,1.0,1060.0,0.2426269642895775,1747758.0,139.66421508789062,251.0,1747758.0
full,ABLATION,full,8,20110511_4,0.0,0.0,1.0,2292.5,0.1276182779921112,1735256.0,137.75152587890625,251.0,1735256.0
full,ABLATION,full,8,20110511_5,0.0,0.0,1.0,23104.0,0.4626455766976769,22823424.0,118.98851776123048,254.625,22823424.0
full,ABLATION,full,8,20110511_5,0.0,0.0,1.0,506.0,0.5326955441400396,1333638.0,126.85608673095705,253.0,1333638.0
full,ABLATION,full,8,20110511_5,0.0,0.0,1.0,728.0,0.4016941378626002,1291140.0,127.3690414428711,253.0,1291140.0
full,ABLATION,full,8,20110511_6,0.0,0.0,1.0,44566.0,0.3270405562236296,26728564.0,115.56346130371094,252.875,26728564.0
full,ABLATION,full,8,20110511_6,0.0,0.0,1.0,945.0,0.2564327282312241,1554052.0,123.67117309570312,252.0,1554052.0
full,ABLATION,full,8,20110511_6,0.0,0.0,1.0,2022.5,0.1903748211285068,1526173.0,121.41392517089844,252.0,1526173.0
full,ABLATION,full,8,20110516_1,5.0,0.0,1.0,16760.5,0.5359471876103182,27507358.0,113.74811553955078,252.84375,27507358.0
full,ABLATION,full,8,20110516_1,5.0,0.0,1.0,974.5,0.4248246668877661,1743660.0,114.48851013183594,252.0,1743660.0
full,ABLATION,full,8,20110516_1,5.0,0.0,1.0,939.5,0.3545953633850237,1665878.0,114.89606475830078,252.0,1665878.0
full,ABLATION,full,8,20110516_2,5.0,0.0,1.0,34404.5,0.2507885176775982,31153456.0,115.40325927734376,250.109375,31153456.0
full,ABLATION,full,8,20110516_2,5.0,0.0,1.0,1265.5,0.2931931121036918,1977245.0,117.35088348388672,248.0,1977245.0
full,ABLATION,full,8,20110516_2,5.0,0.0,1.0,1112.0,0.2508423732979742,1912816.0,116.7490234375,248.0,1912816.0
full,ABLATION,full,8,20110516_3,5.0,0.0,1.0,52614.0,0.1695106473772205,41067324.0,114.3039093017578,235.140625,41067324.0
full,ABLATION,full,8,20110516_3,5.0,0.0,1.0,1484.5,0.2211920133885084,2567314.0,116.33650207519533,245.0,2567314.0
full,ABLATION,full,8,20110516_3,5.0,0.0,1.0,2990.0,0.0978308887678497,2505653.0,114.50749206542967,235.0,2505653.0
full,ABLATION,full,8,20110516_5,5.0,0.0,1.0,51006.0,0.1356049207509342,32126744.0,121.0575942993164,254.984375,32126744.0
full,ABLATION,full,8,20110516_5,5.0,0.0,1.0,1111.5,0.344218295024662,2080174.0,121.003662109375,253.0,2080174.0
full,ABLATION,full,8,20110516_5,5.0,0.0,1.0,1485.5,0.1234295218969625,2016607.0,120.30825805664062,253.0,2016607.0
full,ABLATION,full,8,20110516_6,5.0,0.0,1.0,49775.0,0.1975082083838849,26057462.0,117.11009216308594,254.796875,26057462.0
full,ABLATION,full,8,20110516_6,5.0,0.0,1.0,1261.5,0.2344912112370729,1702743.0,115.5969467163086,230.0,1702743.0
full,ABLATION,full,8,20110516_6,5.0,0.0,1.0,2270.0,0.1819369889857814,1661457.0,115.67618560791016,248.0,1661457.0
full,ABLATION,full,8,20110516_7,5.0,0.0,1.0,28456.5,0.3106318998841697,38369640.0,132.515625,246.75,38369640.0
full,ABLATION,full,8,20110516_7,5.0,0.0,1.0,966.0,0.3697345023781792,2387709.0,134.1937255859375,246.0,2387709.0
full,ABLATION,full,8,20110516_7,5.0,0.0,1.0,1296.5,0.2806186718165354,2324874.0,133.16192626953125,246.0,2324874.0
full,ABLATION,full,8,20110519_1,8.0,0.0,1.0,104409.0,0.1276669367279981,36029232.0,105.7220687866211,232.21875,36029232.0
full,ABLATION,full,8,20110519_1,8.0,0.0,1.0,3021.5,0.0962577816225896,2240052.0,108.30401611328124,254.0,2240052.0
full,ABLATION,full,8,20110519_1,8.0,0.0,1.0,4871.0,0.1117580179765043,2214351.0,106.13262176513672,254.0,2214351.0
full,ABLATION,full,8,20110519_10,8.0,0.0,1.0,59095.0,0.1365705647225678,34921276.0,106.04570770263672,201.203125,34921276.0
full,ABLATION,full,8,20110519_10,8.0,0.0,1.0,2515.0,0.1472368434788819,2229180.0,105.97984313964844,201.0,2229180.0
full,ABLATION,full,8,20110519_10,8.0,0.0,1.0,3592.0,0.0974575181771232,2212797.0,104.41661834716795,201.0,2212797.0
full,ABLATION,full,8,20110519_4,8.0,0.0,1.0,25934.0,0.3249243248991323,30551556.0,107.67638397216795,254.53125,30551556.0
full,ABLATION,full,8,20110519_4,8.0,0.0,1.0,1566.0,0.2151256383752868,1953815.0,108.20862579345705,255.0,1953815.0
full,ABLATION,full,8,20110519_4,8.0,0.0,1.0,1937.5,0.2656297129738497,1934746.0,106.4919662475586,255.0,1934746.0
full,ABLATION,full,8,20110519_5,8.0,0.0,1.0,55631.0,0.2496501622128591,25111082.0,85.68816375732422,225.28125,25111082.0
full,ABLATION,full,8,20110519_5,8.0,0.0,1.0,2615.0,0.1313002050093631,1585786.0,87.97215270996094,224.0,1585786.0
full,ABLATION,full,8,20110519_5,8.0,0.0,1.0,3562.5,0.1619610972570801,1561809.0,85.49425506591797,224.0,1561809.0
full,ABLATION,full,8,20110519_7,8.0,0.0,1.0,62000.0,0.2562711066490305,31435028.0,90.7338638305664,246.6875,31435028.0
full,ABLATION,full,8,20110519_7,8.0,0.0,1.0,1931.0,0.2119103549104197,2080250.0,93.34754180908205,244.0,2080250.0
full,ABLATION,full,8,20110519_7,8.0,0.0,1.0,3011.5,0.2072452415381459,2073321.0,91.1790771484375,244.0,2073321.0
full,ABLATION,full,8,20110519_8,8.0,0.0,1.0,71841.0,0.238427462880962,29538956.0,88.80210876464844,246.484375,29538956.0
full,ABLATION,full,8,20110519_8,8.0,0.0,1.0,2766.5,0.1314258558466223,1794210.0,92.36602020263672,245.0,1794210.0
full,ABLATION,full,8,20110519_8,8.0,0.0,1.0,4154.0,0.1588206660840747,1794988.0,89.71800231933594,245.0,1794988.0
full,ABLATION,full,8,20110523_2,12.0,0.0,1.0,61626.0,0.1482864256423742,34687452.0,103.34872436523438,254.234375,34687452.0
full,ABLATION,full,8,20110523_2,12.0,0.0,1.0,2634.0,0.1248181870918538,2198006.0,104.21041107177734,250.0,2198006.0
full,ABLATION,full,8,20110523_2,12.0,0.0,1.0,3286.0,0.1074953941715428,2194984.0,101.54911041259766,250.0,2194984.0
full,ABLATION,full,8,20110523_3,12.0,0.0,1.0,176954.5,0.0731950834278202,39619052.0,104.10672760009766,249.828125,39619052.0
full,ABLATION,full,8,20110523_3,12.0,0.0,1.0,3180.0,0.1258358669106975,2593048.0,104.2096176147461,241.0,2593048.0
full,ABLATION,full,8,20110523_3,12.0,0.0,1.0,15861.5,0.0381141725426627,2684861.0,101.15518951416016,253.0,2684861.0
full,ABLATION,full,8,20110523_4,12.0,0.0,1.0,37109.0,0.2353221709904805,39558212.0,120.57676696777344,253.46875,39558212.0
full,ABLATION,full,8,20110523_4,12.0,0.0,1.0,1725.0,0.2372831918691574,2473283.0,121.38812255859376,248.0,2473283.0
full,ABLATION,full,8,20110523_4,12.0,0.0,1.0,1993.5,0.1766761026240914,2403077.0,120.75157165527344,248.0,2403077.0
full,ABLATION,full,8,20110523_6,12.0,0.0,1.0,84369.0,0.1574389399686253,32955696.0,110.54508972167967,247.96875,32955696.0
full,ABLATION,full,8,20110523_6,12.0,0.0,1.0,2280.0,0.3022084596194764,2142101.0,111.09906005859376,246.0,2142101.0
full,ABLATION,full,8,20110523_6,12.0,0.0,1.0,5114.0,0.1016326612122784,2137889.0,109.08709716796876,246.0,2137889.0
full,ABLATION,full,8,20110523_7,12.0,0.0,1.0,50871.5,0.2015575398516195,34979108.0,112.26505279541016,238.109375,34979108.0
full,ABLATION,full,8,20110523_7,12.0,0.0,1.0,1802.5,0.2032808757215661,2318396.0,111.3863754272461,227.0,2318396.0
full,ABLATION,full,8,20110523_7,12.0,0.0,1.0,2480.5,0.1499401566910284,2247626.0,110.0536651611328,227.0,2247626.0
full,ABLATION,full,8,20110523_9,12.0,0.0,1.0,126478.5,0.096715231774311,40247184.0,103.69189453125,216.203125,40247184.0
full,ABLATION,full,8,20110523_9,12.0,0.0,1.0,2073.0,0.1877055942311473,2565868.0,104.6310806274414,215.0,2565868.0
full,ABLATION,full,8,20110523_9,12.0,0.0,1.0,9413.0,0.0469864224102309,2542330.0,101.84392547607422,215.0,2542330.0
full,ABLATION,full,8,20110526_2,15.0,0.0,1.0,131728.5,0.1226786310681571,41428264.0,88.07197570800781,253.109375,41428264.0
full,ABLATION,full,8,20110526_2,15.0,0.0,1.0,3470.0,0.1293741347294076,2602889.0,92.32394409179688,254.0,2602889.0
full,ABLATION,full,8,20110526_2,15.0,0.0,1.0,4901.0,0.0886875442721547,2497926.0,91.0787582397461,254.0,2497926.0
full,ABLATION,full,8,20110526_3,15.0,0.0,1.0,184712.5,0.2509899882218513,50286984.0,100.1738510131836,253.734375,50286984.0
full,ABLATION,full,8,20110526_3,15.0,0.0,1.0,8970.0,0.0752523509107385,3514115.0,100.53253936767578,255.0,3514115.0
full,ABLATION,full,8,20110526_3,15.0,0.0,1.0,24399.0,0.045027642273782,3451514.0,99.46439361572266,255.0,3451514.0
full,ABLATION,full,8,20110526_5,15.0,0.0,1.0,149714.5,0.1738346102249464,50457780.0,98.60175323486328,254.421875,50457780.0
full,ABLATION,full,8,20110526_5,15.0,0.0,1.0,7177.0,0.0712709797040261,3474197.0,97.74356079101562,253.0,3474197.0
full,ABLATION,full,8,20110526_5,15.0,0.0,1.0,8978.0,0.0522526978117347,3397375.0,96.1748046875,253.0,3397375.0
full,ABLATION,full,8,20110526_6,15.0,0.0,1.0,321615.0,0.0960281568769983,48346492.0,100.23072052001952,250.859375,48346492.0
full,ABLATION,full,8,20110526_6,15.0,0.0,1.0,2121.5,0.328925849877888,2999024.0,104.18342590332033,251.0,2999024.0
full,ABLATION,full,8,20110526_6,15.0,0.0,1.0,11092.5,0.0489847997009818,2939360.0,102.463134765625,251.0,2939360.0
full,ABLATION,full,8,20110526_7,15.0,0.0,1.0,113258.0,0.1250514901817308,45960604.0,98.3362808227539,208.953125,45960604.0
full,ABLATION,full,8,20110526_7,15.0,0.0,1.0,2798.5,0.1541153236212135,2975521.0,99.86980438232422,245.0,2975521.0
full,ABLATION,full,8,20110526_7,15.0,0.0,1.0,6421.0,0.065360010176807,2977901.0,98.52117156982422,252.0,2977901.0
full,ABLATION,full,8,20110526_8,15.0,0.0,1.0,214206.5,0.1188795061157535,49219048.0,97.7122802734375,246.296875,49219048.0
full,ABLATION,full,8,20110526_8,15.0,0.0,1.0,9609.5,0.042771759048585,3377828.0,97.60816192626952,245.0,3377828.0
full,ABLATION,full,8,20110526_8,15.0,0.0,1.0,13585.5,0.0689277623400651,3328250.0,95.38993072509766,245.0,3328250.0
full,ABLATION,full,8,20110530_4,19.0,0.0,1.0,15429.5,0.4833711237247908,21696964.0,114.64408111572266,231.15625,21696964.0
full,ABLATION,full,8,20110530_4,19.0,0.0,1.0,895.5,0.3641899138156656,1423930.0,113.93263244628906,230.0,1423930.0
full,ABLATION,full,8,20110530_4,19.0,0.0,1.0,941.0,0.4927550892305499,1404186.0,113.07666015625,230.0,1404186.0
full,ABLATION,full,8,20110530_5,19.0,0.0,1.0,22143.0,0.4660112972520819,21154542.0,122.7118682861328,254.671875,21154542.0
full,ABLATION,full,8,20110530_5,19.0,0.0,1.0,1348.0,0.3516486457234119,1463530.0,122.86181640625,252.0,1463530.0
full,ABLATION,full,8,20110530_5,19.0,0.0,1.0,1365.0,0.292007252316,1439301.0,122.0988311767578,252.0,1439301.0
full,ABLATION,full,8,20110530_6,19.0,0.0,1.0,34109.5,0.2174347308065448,26202774.0,115.2813949584961,252.609375,26202774.0
full,ABLATION,full,8,20110530_6,19.0,0.0,1.0,898.0,0.3740936900023249,1643056.0,116.14165496826172,231.0,1643056.0
full,ABLATION,full,8,20110530_6,19.0,0.0,1.0,1261.5,0.2685662603379135,1618649.0,115.3870086669922,250.0,1618649.0
full,ABLATION,full,8,20110530_7,19.0,0.0,1.0,21011.0,0.2881507725325929,24688768.0,120.52647399902344,250.359375,24688768.0
full,ABLATION,full,8,20110530_7,19.0,0.0,1.0,944.0,0.2519315834206265,1705141.0,117.49868774414062,252.0,1705141.0
full,ABLATION,full,8,20110530_7,19.0,0.0,1.0,1322.5,0.2085860455311531,1654581.0,116.08650970458984,252.0,1654581.0
full,ABLATION,full,8,20110530_8,19.0,0.0,1.0,32293.5,0.311470337784346,27985298.0,119.0417938232422,254.78125,27985298.0
full,ABLATION,full,8,20110530_8,19.0,0.0,1.0,1865.0,0.1916388099389268,1837382.0,118.77832794189452,254.0,1837382.0
full,ABLATION,full,8,20110530_8,19.0,0.0,1.0,1916.0,0.1343852104519675,1758217.0,118.64613342285156,254.0,1758217.0
full,ABLATION,full,8,20110530_9,19.0,0.0,1.0,18824.0,0.3116983736872394,17364192.0,119.42605590820312,254.15625,17364192.0
full,ABLATION,full,8,20110530_9,19.0,0.0,1.0,841.5,0.3725880808668524,1204533.0,117.84883880615234,229.0,1204533.0
full,ABLATION,full,8,20110530_9,19.0,0.0,1.0,781.0,0.3593788860153206,1171350.0,120.1877670288086,255.0,1171350.0
full,ABLATION,full,8,20110603_1,23.0,0.0,3.0,18171.0,0.5098222375780195,9550304.0,119.00690460205078,229.859375,9550304.0
full,ABLATION,full,8,20110603_1,23.0,0.0,1.0,225.0,0.3755412711036949,458986.0,126.3380126953125,227.0,458986.0
full,ABLATION,full,8,20110603_1,23.0,0.0,1.0,289.0,0.3136891366809829,519590.0,125.17224884033205,227.0,519590.0
full,ABLATION,full,8,20110603_10,23.0,0.0,1.0,23782.5,0.3166122005382804,18637106.0,154.75982666015625,254.609375,18637106.0
full,ABLATION,full,8,20110603_10,23.0,0.0,1.0,1096.0,0.2681032423903325,1322290.0,155.76510620117188,255.0,1322290.0
full,ABLATION,full,8,20110603_10,23.0,0.0,1.0,1443.5,0.2239369805303016,1360432.0,154.68243408203125,255.0,1360432.0
full,ABLATION,full,8,20110603_3,23.0,0.0,1.0,14244.0,0.5302885199569374,20079102.0,140.52528381347656,239.765625,20079102.0
full,ABLATION,full,8,20110603_3,23.0,0.0,1.0,872.5,0.3501530238968311,1284449.0,141.36572265625,239.0,1284449.0
full,ABLATION,full,8,20110603_3,23.0,0.0,1.0,789.5,0.355080438213798,1270329.0,140.88156127929688,239.0,1270329.0
full,ABLATION,full,8,20110603_5,23.0,0.0,1.0,12883.0,0.4383695294768391,23623128.0,140.77392578125,253.171875,23623128.0
full,ABLATION,full,8,20110603_5,23.0,0.0,1.0,693.5,0.5092916875282233,1533564.0,140.44912719726562,254.0,1533564.0
full,ABLATION,full,8,20110603_5,23.0,0.0,1.0,855.5,0.3091868988881075,1537723.0,139.5646209716797,254.0,1537723.0
full,ABLATION,full,8,20110603_6,23.0,0.0,1.0,14387.5,0.3692177117108378,21078428.0,146.3413848876953,254.25,21078428.0
full,ABLATION,full,8,20110603_6,23.0,0.0,1.0,680.0,0.4367104262822927,1364197.0,145.90342712402344,255.0,1364197.0
full,ABLATION,full,8,20110603_6,23.0,0.0,1.0,884.5,0.2924465092538532,1337095.0,145.74830627441406,255.0,1337095.0
full,ABLATION,full,8,20110603_9,23.0,0.0,1.0,9042.0,0.507827930985262,16717612.0,140.21432495117188,237.1875,16717612.0
full,ABLATION,full,8,20110603_9,23.0,0.0,1.0,594.5,0.3645463529774996,1135963.0,139.33067321777344,236.0,1135963.0
full,ABLATION,full,8,20110603_9,23.0,0.0,1.0,577.0,0.4536386952686473,1120687.0,138.6474151611328,236.0,1120687.0
full,ABLATION,full,8,20110607_1,27.0,0.0,1.0,13617.5,0.4046001795295316,11296476.0,129.69998168945312,255.0,11296476.0
full,ABLATION,full,8,20110607_1,27.0,0.0,1.0,540.0,0.4993912151756436,770979.0,125.8741226196289,243.0,770979.0
full,ABLATION,full,8,20110607_1,27.0,0.0,1.0,481.0,0.3116982659189942,760922.0,126.8203353881836,255.0,760922.0
full,ABLATION,full,8,20110607_2,27.0,0.0,1.0,9985.5,0.5258000970192127,12400155.0,127.02992248535156,254.328125,12400155.0
full,ABLATION,full,8,20110607_2,27.0,0.0,1.0,556.5,0.4764278804309901,795015.0,124.63003540039062,249.0,795015.0
full,ABLATION,full,8,20110607_2,27.0,0.0,1.0,628.5,0.2749088282922853,803068.0,124.81629180908205,253.0,803068.0
full,ABLATION,full,8,20110607_3,27.0,0.0,1.0,15339.5,0.4341392612136774,13290623.0,126.28390502929688,254.625,13290623.0
full,ABLATION,full,8,20110607_3,27.0,0.0,1.0,798.5,0.252779723469179,800463.0,126.99714660644533,253.0,800463.0
full,ABLATION,full,8,20110607_3,27.0,0.0,1.0,720.5,0.423687410883413,782913.0,128.85336303710938,255.0,782913.0
full,ABLATION,full,8,20110607_4,27.0,0.0,1.0,15193.0,0.4311944146382364,11748206.0,123.8321762084961,254.625,11748206.0
full,ABLATION,full,8,20110607_4,27.0,0.0,1.0,648.5,0.4081852094590555,769709.0,122.64324188232422,252.0,769709.0
full,ABLATION,full,8,20110607_4,27.0,0.0,1.0,646.5,0.4275864756452793,745445.0,124.11671447753906,252.0,745445.0
full,ABLATION,full,8,20110607_7,27.0,0.0,1.0,21176.0,0.324143228088005,22148882.0,124.59994506835938,251.796875,22148882.0
full,ABLATION,full,8,20110607_7,27.0,0.0,1.0,682.5,0.5012135227181895,1389395.0,127.07106018066406,250.0,1389395.0
full,ABLATION,full,8,20110607_7,27.0,0.0,1.0,1022.0,0.2782138043374385,1365808.0,127.04009246826172,250.0,1365808.0
full,ABLATION,full,8,20110607_9,27.0,0.0,1.0,24577.0,0.3310043215473446,18578628.0,129.70912170410156,254.609375,18578628.0
full,ABLATION,full,8,20110607_9,27.0,0.0,1.0,439.5,0.3487603035231554,1085972.0,128.80702209472656,255.0,1085972.0
full,ABLATION,full,8,20110607_9,27.0,0.0,1.0,720.0,0.401677819009758,1181887.0,128.54981994628906,255.0,1181887.0
full,ABLATION,full,8,20110610_1,30.0,0.0,1.0,43073.0,0.1952838781596533,28750450.0,144.7408447265625,255.0,28750450.0
full,ABLATION,full,8,20110610_1,30.0,0.0,1.0,805.0,0.3025536917453254,2042209.0,143.2425537109375,255.0,2042209.0
full,ABLATION,full,8,20110610_1,30.0,0.0,1.0,1331.0,0.2200764109017398,1961454.0,142.62008666992188,255.0,1961454.0
full,ABLATION,full,8,20110610_10,30.0,0.0,1.0,21856.0,0.4001017172522259,20990516.0,110.36776733398438,249.71875,20990516.0
full,ABLATION,full,8,20110610_10,30.0,0.0,1.0,774.5,0.4851341501687894,1408792.0,109.53133392333984,246.0,1408792.0
full,ABLATION,full,8,20110610_10,30.0,0.0,1.0,757.0,0.4457638432305804,1376018.0,109.9407196044922,246.0,1376018.0
full,ABLATION,full,8,20110610_3,30.0,0.0,1.0,29841.0,0.2000374228740019,23939384.0,106.45646667480467,252.0,23939384.0
full,ABLATION,full,8,20110610_3,30.0,0.0,1.0,1280.5,0.1667592420496532,1926607.0,104.05654907226562,252.0,1926607.0
full,ABLATION,full,8,20110610_3,30.0,0.0,1.0,1853.5,0.1377657334739336,1898336.0,100.65408325195312,252.0,1898336.0
full,ABLATION,full,8,20110610_4,30.0,0.0,1.0,47566.0,0.1632447001552974,28823654.0,120.84171295166016,254.53125,28823654.0
full,ABLATION,full,8,20110610_4,30.0,0.0,1.0,1218.5,0.3138093061705248,1852885.0,120.23912811279295,255.0,1852885.0
full,ABLATION,full,8,20110610_4,30.0,0.0,1.0,2189.5,0.1530412390658364,1851067.0,118.06027221679688,255.0,1851067.0
full,ABLATION,full,8,20110610_6,30.0,0.0,1.0,14517.0,0.4466276256719647,23255984.0,126.1861572265625,253.875,23255984.0
full,ABLATION,full,8,20110610_6,30.0,0.0,1.0,823.0,0.3268469782004774,1696174.0,121.95671844482422,253.0,1696174.0
full,ABLATION,full,8,20110610_6,30.0,0.0,1.0,1412.0,0.2266087009152393,1683887.0,120.44971466064452,253.0,1683887.0
full,ABLATION,full,8,20110610_9,30.0,0.0,1.0,14374.5,0.3746143124651518,16986660.0,101.73114776611328,250.25,16986660.0
full,ABLATION,full,8,20110610_9,30.0,0.0,1.0,531.0,0.2800222039632062,1133032.0,101.99225616455078,247.0,1133032.0
full,ABLATION,full,8,20110610_9,30.0,0.0,1.0,626.5,0.3736551402626772,1110211.0,99.4100112915039,247.0,1110211.0
full,ABLATION,full,8,20110617_1,37.0,0.0,1.0,18706.5,0.3041122865563651,13973804.0,122.14434051513672,255.0,13973804.0
full,ABLATION,full,8,20110617_1,37.0,0.0,1.0,526.5,0.4698219831265454,888243.0,122.70244598388672,255.0,888243.0
full,ABLATION,full,8,20110617_1,37.0,0.0,1.0,484.5,0.4078276198350528,893415.0,118.85260009765624,255.0,893415.0
full,ABLATION,full,8,20110617_10,37.0,0.0,1.0,6848.5,0.5326783010385788,9035222.0,124.03863525390624,252.140625,9035222.0
full,ABLATION,full,8,20110617_10,37.0,0.0,1.0,478.5,0.4639779095636894,590702.0,120.4531021118164,252.0,590702.0
full,ABLATION,full,8,20110617_10,37.0,0.0,1.0,496.0,0.430798181477336,603152.0,119.86327362060548,252.0,603152.0
full,ABLATION,full,8,20110617_3,37.0,0.0,1.0,21477.0,0.410676143952595,21270664.0,111.51534271240234,224.0,21270664.0
full,ABLATION,full,8,20110617_3,37.0,0.0,1.0,948.5,0.3587822808630347,1320538.0,113.56536102294922,224.0,1320538.0
full,ABLATION,full,8,20110617_3,37.0,0.0,1.0,917.5,0.2912819452400781,1329652.0,109.66201782226562,224.0,1329652.0
full,ABLATION,full,8,20110617_6,37.0,0.0,1.0,18217.0,0.3353795084845414,18760846.0,127.3320083618164,251.5,18760846.0
full,ABLATION,full,8,20110617_6,37.0,0.0,1.0,706.0,0.5466336718014074,1276127.0,123.7636489868164,251.0,1276127.0
full,ABLATION,full,8,20110617_6,37.0,0.0,2.0,864.5,0.2771533515033973,1280585.0,119.17961883544922,251.0,1280585.0
full,ABLATION,full,8,20110617_8,37.0,0.0,1.0,8657.0,0.6099119780387202,14654359.0,124.86884307861328,254.953125,14654359.0
full,ABLATION,full,8,20110617_8,37.0,0.0,1.0,526.0,0.3989940884028377,926409.0,122.45988464355467,253.0,926409.0
full,ABLATION,full,8,20110617_8,37.0,0.0,1.0,500.0,0.3789252090742853,993189.0,119.5460968017578,253.0,993189.0
full,ABLATION,full,8,20110617_9,37.0,0.0,1.0,13462.5,0.587846908430861,10614827.0,116.13724517822266,254.953125,10614827.0
full,ABLATION,full,8,20110617_9,37.0,0.0,1.0,497.0,0.4002765089821337,714185.0,112.82543182373048,252.0,714185.0
full,ABLATION,full,8,20110617_9,37.0,0.0,1.0,734.5,0.3753596681816818,743578.0,108.82160186767578,252.0,743578.0
full,ABLATION,full,8,20110627_1,47.0,0.0,3.0,7012.0,0.8764335158618761,17206542.0,128.71632385253906,250.875,17206542.0
full,ABLATION,full,8,20110627_1,47.0,0.0,1.0,566.5,0.4605603527715446,1178888.0,124.36839294433594,245.0,1178888.0
full,ABLATION,full,8,20110627_1,47.0,0.0,2.0,527.0,0.3497811235962784,1199689.0,117.3175277709961,245.0,1199689.0
full,ABLATION,full,8,20110627_10,47.0,0.0,3.0,8622.0,0.606460221283549,17150820.0,126.7201919555664,244.8125,17150820.0
full,ABLATION,full,8,20110627_10,47.0,0.0,1.0,427.0,0.4495276637236519,1232715.0,117.278564453125,244.0,1232715.0
full,ABLATION,full,8,20110627_10,47.0,0.0,2.0,680.5,0.2836223130974509,1236247.0,112.2942123413086,244.0,1236247.0
full,ABLATION,full,8,20110627_3,47.0,0.0,3.0,14312.5,0.2773715290443325,20659108.0,139.3108673095703,254.171875,20659108.0
full,ABLATION,full,8,20110627_3,47.0,0.0,1.0,392.5,0.8242689615835359,1406351.0,136.1951446533203,253.0,1406351.0
full,ABLATION,full,8,20110627_3,47.0,0.0,3.0,538.5,0.3363522463092467,1396490.0,130.5863037109375,253.0,1396490.0
full,ABLATION,full,8,20110627_4,47.0,0.0,3.0,9827.5,0.3938395129155818,16605668.0,127.80863189697266,239.609375,16605668.0
full,ABLATION,full,8,20110627_4,47.0,0.0,3.0,560.0,0.5034731786757046,1088263.0,124.25930786132812,239.0,1088263.0
full,ABLATION,full,8,20110627_4,47.0,0.0,2.0,559.0,0.2990840908553003,1096988.0,121.24093627929688,239.0,1096988.0
full,ABLATION,full,8,20110627_5,47.0,0.0,2.0,13469.5,0.6239063504292369,15343625.0,114.1230926513672,231.53125,15343625.0
full,ABLATION,full,8,20110627_5,47.0,0.0,1.0,776.5,0.4979689354243894,1094868.0,106.3598175048828,232.0,1094868.0
full,ABLATION,full,8,20110627_5,47.0,0.0,2.0,802.0,0.461729230755488,1102413.0,100.60348510742188,232.0,1102413.0
full,ABLATION,full,8,20110627_6,47.0,0.0,3.0,6958.0,0.5088313568913313,14414108.0,128.59176635742188,254.75,14414108.0
full,ABLATION,full,8,20110627_6,47.0,0.0,1.0,379.0,0.8441553039337568,976164.0,122.60286712646484,250.0,976164.0
full,ABLATION,full,8,20110627_6,47.0,0.0,2.0,432.5,0.231276606334311,990109.0,117.07567596435548,250.0,990109.0
pmc,ABLATION,pmc,8,20110511_1,0.0,0.0,1.0,22476.0,0.2720966656180991,24723938.0,115.00736236572266,252.546875,24723938.0
pmc,ABLATION,pmc,8,20110511_1,0.0,0.0,1.0,1140.5,0.2854651999434016,1469192.0,115.58429718017578,254.0,1469192.0
pmc,ABLATION,pmc,8,20110511_1,0.0,0.0,4.0,1366.5,0.1592502775081241,2101366.0,80.79069519042969,248.0,2101366.0
pmc,ABLATION,pmc,8,20110511_2,0.0,0.0,1.0,13003.0,0.5685979733326716,21893622.0,111.99530029296876,251.671875,21893622.0
pmc,ABLATION,pmc,8,20110511_2,0.0,0.0,1.0,741.0,0.4648097081251063,1342247.0,111.95654296875,218.0,1342247.0
pmc,ABLATION,pmc,8,20110511_2,0.0,0.0,4.0,705.5,0.1883114244676898,1882425.0,74.4041519165039,244.0,1882425.0
pmc,ABLATION,pmc,8,20110511_3,0.0,0.0,1.0,29082.5,0.2056441627905658,32505906.0,131.01141357421875,228.609375,32505906.0
pmc,ABLATION,pmc,8,20110511_3,0.0,0.0,1.0,1056.0,0.3122033096255415,2012546.0,132.01351928710938,228.0,2012546.0
pmc,ABLATION,pmc,8,20110511_3,0.0,0.0,1.0,1404.0,0.1329597612047372,2682057.0,97.45846557617188,228.0,2682057.0
pmc,ABLATION,pmc,8,20110511_4,0.0,0.0,1.0,47446.0,0.1331319201976514,27815904.0,139.82969665527344,251.390625,27815904.0
pmc,ABLATION,pmc,8,20110511_4,0.0,0.0,1.0,1681.0,0.1599916876850369,1631867.0,140.32737731933594,251.0,1631867.0
pmc,ABLATION,pmc,8,20110511_4,0.0,0.0,4.0,2856.5,0.0569688312103046,2534101.0,99.56392669677734,251.0,2534101.0
pmc,ABLATION,pmc,8,20110511_5,0.0,0.0,1.0,14317.5,0.3486717280273805,21164780.0,126.81800842285156,254.625,21164780.0
pmc,ABLATION,pmc,8,20110511_5,0.0,0.0,1.0,425.0,0.842936211746379,1253774.0,126.19768524169922,213.0,1253774.0
pmc,ABLATION,pmc,8,20110511_5,0.0,0.0,4.0,823.0,0.1763169384717661,2233604.0,92.66143798828124,253.0,2233604.0
pmc,ABLATION,pmc,8,20110511_6,0.0,0.0,1.0,34349.5,0.317267313208145,24843858.0,123.28724670410156,252.875,24843858.0
pmc,ABLATION,pmc,8,20110511_6,0.0,0.0,1.0,1860.0,0.1432127895120069,1541902.0,123.59935760498048,252.0,1541902.0
pmc,ABLATION,pmc,8,20110511_6,0.0,0.0,4.0,1786.5,0.1953476262965495,2219536.0,87.30768585205078,252.0,2219536.0
pmc,ABLATION,pmc,8,20110516_1,5.0,0.0,1.0,15943.5,0.5103807307971628,27441472.0,115.48668670654295,252.84375,27441472.0
pmc,ABLATION,pmc,8,20110516_1,5.0,0.0,1.0,957.5,0.4352476057884171,1693054.0,115.00944519042967,252.0,1693054.0
pmc,ABLATION,pmc,8,20110516_1,5.0,0.0,1.0,944.5,0.1872760926553913,2258442.0,83.66769409179688,252.0,2258442.0
pmc,ABLATION,pmc,8,20110516_2,5.0,0.0,1.0,21897.5,0.3766770438354078,31264002.0,116.94690704345705,250.109375,31264002.0
pmc,ABLATION,pmc,8,20110516_2,5.0,0.0,1.0,1173.5,0.2492479428997283,1906154.0,117.5114974975586,240.0,1906154.0
pmc,ABLATION,pmc,8,20110516_2,5.0,0.0,1.0,1274.0,0.1557418591228677,2507464.0,88.73152160644531,241.0,2507464.0
pmc,ABLATION,pmc,8,20110516_3,5.0,0.0,1.0,44432.0,0.1908797032492745,41277616.0,115.0284423828125,246.625,41277616.0
pmc,ABLATION,pmc,8,20110516_3,5.0,0.0,1.0,1487.0,0.2501039270746864,2490200.0,115.96349334716795,229.0,2490200.0
pmc,ABLATION,pmc,8,20110516_3,5.0,0.0,1.0,2573.5,0.0692982206910995,3051191.0,96.0339584350586,235.0,3051191.0
pmc,ABLATION,pmc,8,20110516_5,5.0,0.0,1.0,22507.0,0.2323514344230738,32349020.0,122.56250762939452,254.984375,32349020.0
pmc,ABLATION,pmc,8,20110516_5,5.0,0.0,1.0,1110.0,0.3469462636291387,2039310.0,121.15672302246094,253.0,2039310.0
pmc,ABLATION,pmc,8,20110516_5,5.0,0.0,1.0,1099.5,0.1827301197950366,2725042.0,96.25042724609376,253.0,2725042.0
pmc,ABLATION,pmc,8,20110516_6,5.0,0.0,1.0,23599.5,0.3079484169176772,26482296.0,117.14617156982422,254.796875,26482296.0
pmc,ABLATION,pmc,8,20110516_6,5.0,0.0,1.0,963.5,0.3368784127367403,1576006.0,115.65319061279295,221.0,1576006.0
pmc,ABLATION,pmc,8,20110516_6,5.0,0.0,4.0,1498.5,0.1056414061127122,2438997.0,91.55393981933594,245.0,2438997.0
pmc,ABLATION,pmc,8,20110516_7,5.0,0.0,1.0,22800.0,0.427582043613324,38120296.0,133.3870391845703,246.75,38120296.0
pmc,ABLATION,pmc,8,20110516_7,5.0,0.0,1.0,1258.0,0.2262912349534414,2335132.0,134.32650756835938,246.0,2335132.0
pmc,ABLATION,pmc,8,20110516_7,5.0,0.0,1.0,1024.5,0.1645091885254235,3095536.0,106.93805694580078,246.0,3095536.0
pmc,ABLATION,pmc,8,20110519_1,8.0,0.0,1.0,104961.0,0.0969018842032603,36410860.0,106.29605865478516,232.21875,36410860.0
pmc,ABLATION,pmc,8,20110519_1,8.0,0.0,1.0,3477.0,0.0886379395654194,2211340.0,108.57465362548828,230.0,2211340.0
pmc,ABLATION,pmc,8,20110519_1,8.0,0.0,1.0,4836.5,0.0586360637462342,2620111.0,84.79872131347656,254.0,2620111.0
pmc,ABLATION,pmc,8,20110519_10,8.0,0.0,1.0,41761.5,0.1916699279157658,34838564.0,106.80813598632812,201.203125,34838564.0
pmc,ABLATION,pmc,8,20110519_10,8.0,0.0,1.0,1784.5,0.2183186755634993,2138221.0,106.31039428710938,201.0,2138221.0
pmc,ABLATION,pmc,8,20110519_10,8.0,0.0,1.0,2780.0,0.0576607885273365,2796229.0,88.535888671875,201.0,2796229.0
pmc,ABLATION,pmc,8,20110519_4,8.0,0.0,1.0,27019.5,0.33567437425165,30935822.0,108.57072448730467,254.53125,30935822.0
pmc,ABLATION,pmc,8,20110519_4,8.0,0.0,1.0,1226.0,0.2735051045376085,1916840.0,108.23489379882812,255.0,1916840.0
pmc,ABLATION,pmc,8,20110519_4,8.0,0.0,1.0,1732.5,0.1783912145823505,2588207.0,87.81620788574219,255.0,2588207.0
pmc,ABLATION,pmc,8,20110519_5,8.0,0.0,1.0,58796.0,0.2239655264595209,25024610.0,88.59491729736328,225.28125,25024610.0
pmc,ABLATION,pmc,8,20110519_5,8.0,0.0,1.0,3147.0,0.1611070005497682,1534145.0,88.13886260986328,224.0,1534145.0
pmc,ABLATION,pmc,8,20110519_5,8.0,0.0,1.0,2733.0,0.1429001162569116,1797511.0,61.55859756469727,224.0,1797511.0
pmc,ABLATION,pmc,8,20110519_7,8.0,0.0,1.0,56880.0,0.1708859703226425,33662584.0,92.69302368164062,246.6875,33662584.0
pmc,ABLATION,pmc,8,20110519_7,8.0,0.0,1.0,2729.5,0.1251643213354304,2013686.0,93.61192321777344,244.0,2013686.0
pmc,ABLATION,pmc,8,20110519_7,8.0,0.0,1.0,2772.0,0.0847167255668408,2369546.0,72.76581573486328,244.0,2369546.0
pmc,ABLATION,pmc,8,20110519_8,8.0,0.0,1.0,67796.0,0.2052791125236641,28896374.0,91.11953735351562,246.484375,28896374.0
pmc,ABLATION,pmc,8,20110519_8,8.0,0.0,1.0,2834.0,0.1593416385048472,1771490.0,92.80647277832033,245.0,1771490.0
pmc,ABLATION,pmc,8,20110519_8,8.0,0.0,1.0,3995.0,0.0773112018405294,2076226.0,68.49970245361328,245.0,2076226.0
pmc,ABLATION,pmc,8,20110523_2,12.0,0.0,1.0,61197.5,0.140050923094687,34966812.0,104.03473663330078,254.234375,34966812.0
pmc,ABLATION,pmc,8,20110523_2,12.0,0.0,1.0,1809.0,0.1753580740105971,2094195.0,104.14735412597656,250.0,2094195.0
pmc,ABLATION,pmc,8,20110523_2,12.0,0.0,1.0,2747.5,0.0826918379727314,2669115.0,84.99012756347656,250.0,2669115.0
pmc,ABLATION,pmc,8,20110523_3,12.0,0.0,1.0,230178.0,0.0426601205944208,42354268.0,102.10003662109376,249.828125,42354268.0
pmc,ABLATION,pmc,8,20110523_3,12.0,0.0,1.0,3241.5,0.1564148087143441,2388859.0,103.6606216430664,216.0,2388859.0
pmc,ABLATION,pmc,8,20110523_3,12.0,0.0,1.0,11687.5,0.0263413805937773,3104703.0,89.1336441040039,253.0,3104703.0
pmc,ABLATION,pmc,8,20110523_4,12.0,0.0,1.0,36108.0,0.2754685033118079,40071580.0,120.40702056884766,253.46875,40071580.0
pmc,ABLATION,pmc,8,20110523_4,12.0,0.0,1.0,2050.0,0.192109400631825,2392148.0,121.65113830566406,239.0,2392148.0
pmc,ABLATION,pmc,8,20110523_4,12.0,0.0,1.0,2011.5,0.0917407573294297,3046500.0,99.7968978881836,248.0,3046500.0
pmc,ABLATION,pmc,8,20110523_6,12.0,0.0,1.0,83771.0,0.1449220772692478,34312856.0,110.77669525146484,247.96875,34312856.0
pmc,ABLATION,pmc,8,20110523_6,12.0,0.0,1.0,1276.0,0.3700315661980892,1958594.0,110.34954071044922,219.0,1958594.0
pmc,ABLATION,pmc,8,20110523_6,12.0,0.0,1.0,3549.0,0.0534526907403906,2697298.0,90.72036743164062,246.0,2697298.0
pmc,ABLATION,pmc,8,20110523_7,12.0,0.0,1.0,49552.0,0.1741703286253906,37061376.0,110.5511245727539,238.109375,37061376.0
pmc,ABLATION,pmc,8,20110523_7,12.0,0.0,1.0,1852.5,0.2278141200197107,2087431.0,111.19918060302734,225.0,2087431.0
pmc,ABLATION,pmc,8,20110523_7,12.0,0.0,1.0,2283.5,0.0891967775620354,2841130.0,92.58415985107422,225.0,2841130.0
pmc,ABLATION,pmc,8,20110523_9,12.0,0.0,1.0,52893.0,0.2949420681785971,40763932.0,103.9283676147461,216.203125,40763932.0
pmc,ABLATION,pmc,8,20110523_9,12.0,0.0,1.0,2059.0,0.1893015180351717,2414981.0,104.61709594726562,215.0,2414981.0
pmc,ABLATION,pmc,8,20110523_9,12.0,0.0,1.0,3466.5,0.0616046920205534,3023673.0,88.87928009033203,215.0,3023673.0
pmc,ABLATION,pmc,8,20110526_2,15.0,0.0,1.0,92667.0,0.1377017321615086,42351680.0,90.2643585205078,253.109375,42351680.0
pmc,ABLATION,pmc,8,20110526_2,15.0,0.0,1.0,3589.0,0.1124413264980443,2508369.0,92.77542114257812,254.0,2508369.0
pmc,ABLATION,pmc,8,20110526_2,15.0,0.0,1.0,2678.0,0.0923748964811529,2642228.0,74.02235412597656,254.0,2642228.0
pmc,ABLATION,pmc,8,20110526_3,15.0,0.0,1.0,447928.0,0.0819733696923351,59156976.0,97.98078918457033,253.734375,59156976.0
pmc,ABLATION,pmc,8,20110526_3,15.0,0.0,1.0,7057.5,0.0798040007172133,3330141.0,101.40502166748048,255.0,3330141.0
pmc,ABLATION,pmc,8,20110526_3,15.0,0.0,1.0,8433.0,0.048768906105893,3659643.0,91.05175018310548,255.0,3659643.0
pmc,ABLATION,pmc,8,20110526_5,15.0,0.0,1.0,235977.5,0.1015802150579412,57901112.0,95.12068939208984,254.421875,57901112.0
pmc,ABLATION,pmc,8,20110526_5,15.0,0.0,1.0,2901.5,0.1550957190756696,3291051.0,98.21687316894533,253.0,3291051.0
pmc,ABLATION,pmc,8,20110526_5,15.0,0.0,1.0,5758.0,0.0330386505433504,3550448.0,88.10482025146484,253.0,3550448.0
pmc,ABLATION,pmc,8,20110526_6,15.0,0.0,1.0,198264.5,0.1386994597592318,48655952.0,101.97694396972656,250.859375,48655952.0
pmc,ABLATION,pmc,8,20110526_6,15.0,0.0,1.0,2074.5,0.3124798096613463,2801306.0,103.4150161743164,218.0,2801306.0
pmc,ABLATION,pmc,8,20110526_6,15.0,0.0,1.0,4681.5,0.0583176179504605,3337261.0,91.17202758789062,251.0,3337261.0
pmc,ABLATION,pmc,8,20110526_7,15.0,0.0,1.0,114996.0,0.1343696848086716,48663260.0,98.46019744873048,250.53125,48663260.0
pmc,ABLATION,pmc,8,20110526_7,15.0,0.0,1.0,3212.0,0.1122429601843468,2802560.0,100.11288452148438,207.0,2802560.0
pmc,ABLATION,pmc,8,20110526_7,15.0,0.0,1.0,4895.0,0.0450553236063357,3292773.0,88.7013931274414,248.0,3292773.0
pmc,ABLATION,pmc,8,20110526_8,15.0,0.0,1.0,347013.5,0.1091937440569787,56616752.0,95.2281494140625,246.296875,56616752.0
pmc,ABLATION,pmc,8,20110526_8,15.0,0.0,1.0,6923.0,0.06063391367847,3197607.0,98.32437133789062,245.0,3197607.0
pmc,ABLATION,pmc,8,20110526_8,15.0,0.0,1.0,11730.0,0.0369273088231189,3543925.0,87.4913558959961,245.0,3543925.0
pmc,ABLATION,pmc,8,20110530_4,19.0,0.0,1.0,15143.0,0.4656798832696709,21995132.0,115.61964416503906,231.15625,21995132.0
pmc,ABLATION,pmc,8,20110530_4,19.0,0.0,1.0,897.0,0.3960200483404337,1351661.0,113.5658721923828,230.0,1351661.0
pmc,ABLATION,pmc,8,20110530_4,19.0,0.0,4.0,885.0,0.2050686170364694,2227092.0,88.2296142578125,230.0,2227092.0
pmc,ABLATION,pmc,8,20110530_5,19.0,0.0,1.0,21886.5,0.3780777056461821,22711574.0,122.780517578125,254.671875,22711574.0
pmc,ABLATION,pmc,8,20110530_5,19.0,0.0,1.0,1011.0,0.3717995813242826,1168280.0,120.7649383544922,231.0,1168280.0
pmc,ABLATION,pmc,8,20110530_5,19.0,0.0,4.0,1354.0,0.1821331359824439,2310378.0,93.3712387084961,252.0,2310378.0
pmc,ABLATION,pmc,8,20110530_6,19.0,0.0,1.0,21256.5,0.3356997778561609,25907570.0,116.45525360107422,252.609375,25907570.0
pmc,ABLATION,pmc,8,20110530_6,19.0,0.0,1.0,896.0,0.3732605202253146,1495962.0,115.74173736572266,227.0,1495962.0
pmc,ABLATION,pmc,8,20110530_6,19.0,0.0,4.0,1171.0,0.1156535976444744,2413813.0,91.87428283691406,250.0,2413813.0
pmc,ABLATION,pmc,8,20110530_7,19.0,0.0,1.0,23355.0,0.4032714722127578,26187736.0,118.1271743774414,250.359375,26187736.0
pmc,ABLATION,pmc,8,20110530_7,19.0,0.0,1.0,865.0,0.2536918306268653,1489177.0,116.2602081298828,247.0,1489177.0
pmc,ABLATION,pmc,8,20110530_7,19.0,0.0,4.0,1355.5,0.1357928379871722,2440563.0,92.02725982666016,252.0,2440563.0
pmc,ABLATION,pmc,8,20110530_8,19.0,0.0,1.0,28614.0,0.204831078649218,27423048.0,121.12438201904295,254.78125,27423048.0
pmc,ABLATION,pmc,8,20110530_8,19.0,0.0,1.0,1785.5,0.187630892250913,1623244.0,118.39854431152344,232.0,1623244.0
pmc,ABLATION,pmc,8,20110530_8,19.0,0.0,4.0,1792.5,0.0978248431135529,2545653.0,94.45486450195312,254.0,2545653.0
pmc,ABLATION,pmc,8,20110530_9,19.0,0.0,1.0,13171.5,0.4499449913182161,18607382.0,120.4727783203125,254.15625,18607382.0
pmc,ABLATION,pmc,8,20110530_9,19.0,0.0,1.0,670.0,0.4975558558944145,1097547.0,117.497802734375,229.0,1097547.0
pmc,ABLATION,pmc,8,20110530_9,19.0,0.0,4.0,799.0,0.2054304285580968,2079729.0,88.4276123046875,255.0,2079729.0
pmc,ABLATION,pmc,8,20110603_1,23.0,0.0,1.0,19400.0,0.5499693828075656,8667960.0,118.64813232421876,229.859375,8667960.0
pmc,ABLATION,pmc,8,20110603_1,23.0,0.0,3.0,152.5,0.8303175868862889,81000.0,129.60000610351562,227.0,81000.0
pmc,ABLATION,pmc,8,20110603_1,23.0,0.0,4.0,327.0,0.2029060435429092,1713808.0,90.14823150634766,227.0,1713808.0
pmc,ABLATION,pmc,8,20110603_10,23.0,0.0,1.0,22530.0,0.2670743432901045,20367722.0,156.2888641357422,254.609375,20367722.0
pmc,ABLATION,pmc,8,20110603_10,23.0,0.0,1.0,1313.5,0.2117753161843236,1264242.0,156.1370849609375,255.0,1264242.0
pmc,ABLATION,pmc,8,20110603_10,23.0,0.0,4.0,1434.5,0.1312083435764316,2733705.0,121.4062728881836,255.0,2733705.0
pmc,ABLATION,pmc,8,20110603_3,23.0,0.0,1.0,13132.5,0.435028228098758,19898618.0,141.6140594482422,239.765625,19898618.0
pmc,ABLATION,pmc,8,20110603_3,23.0,0.0,1.0,856.0,0.3276322302817434,1174734.0,139.99928283691406,232.0,1174734.0
pmc,ABLATION,pmc,8,20110603_3,23.0,0.0,4.0,787.0,0.2195280881567555,2479448.0,107.86305236816406,239.0,2479448.0
pmc,ABLATION,pmc,8,20110603_5,23.0,0.0,1.0,12879.0,0.430469411303546,23839028.0,141.85336303710938,253.171875,23839028.0
pmc,ABLATION,pmc,8,20110603_5,23.0,0.0,1.0,689.0,0.5041150913522188,1433646.0,140.51220703125,248.0,1433646.0
pmc,ABLATION,pmc,8,20110603_5,23.0,0.0,4.0,855.0,0.1753084252441978,2726588.0,111.63560485839844,254.0,2726588.0
pmc,ABLATION,pmc,8,20110603_6,23.0,0.0,1.0,14755.5,0.4296433897410235,20606092.0,148.3520050048828,254.25,20606092.0
pmc,ABLATION,pmc,8,20110603_6,23.0,0.0,1.0,556.5,0.5242398886800089,1231498.0,143.69871520996094,255.0,1231498.0
pmc,ABLATION,pmc,8,20110603_6,23.0,0.0,4.0,854.0,0.1555343532643195,2674974.0,115.60955810546876,255.0,2674974.0
pmc,ABLATION,pmc,8,20110603_9,23.0,0.0,1.0,10255.0,0.546579680022286,17140526.0,139.97982788085938,237.1875,17140526.0
pmc,ABLATION,pmc,8,20110603_9,23.0,0.0,1.0,603.5,0.4331092135957866,1031623.0,138.12063598632812,227.0,1031623.0
pmc,ABLATION,pmc,8,20110603_9,23.0,0.0,4.0,610.5,0.2974058039757302,2311402.0,104.50321197509766,236.0,2311402.0
pmc,ABLATION,pmc,8,20110607_1,27.0,0.0,1.0,14649.0,0.410308343624885,11731190.0,127.0049285888672,244.46875,11731190.0
pmc,ABLATION,pmc,8,20110607_1,27.0,0.0,1.0,664.0,0.3075632490013699,662857.0,123.5060577392578,232.0,662857.0
pmc,ABLATION,pmc,8,20110607_1,27.0,0.0,4.0,609.0,0.2131568802188456,1862243.0,89.70342254638672,243.0,1862243.0
pmc,ABLATION,pmc,8,20110607_2,27.0,0.0,1.0,10454.0,0.512244149338647,11692309.0,126.26139068603516,254.328125,11692309.0
pmc,ABLATION,pmc,8,20110607_2,27.0,0.0,1.0,553.0,0.4874705660856934,666437.0,120.66576385498048,230.0,666437.0
pmc,ABLATION,pmc,8,20110607_2,27.0,0.0,4.0,557.5,0.2863718741469861,1856672.0,88.11085510253906,253.0,1856672.0
pmc,ABLATION,pmc,8,20110607_3,27.0,0.0,1.0,12072.0,0.5739046832910843,12607310.0,130.1332550048828,254.625,12607310.0
pmc,ABLATION,pmc,8,20110607_3,27.0,0.0,1.0,753.5,0.4832190498431468,764040.0,125.66447448730467,234.0,764040.0
pmc,ABLATION,pmc,8,20110607_3,27.0,0.0,4.0,774.5,0.2817319045448699,1888512.0,90.48497772216795,255.0,1888512.0
pmc,ABLATION,pmc,8,20110607_4,27.0,0.0,1.0,11207.5,0.557406187861091,11970600.0,124.7756118774414,254.625,11970600.0
pmc,ABLATION,pmc,8,20110607_4,27.0,0.0,1.0,656.0,0.4656493380596039,715697.0,120.62986755371094,252.0,715697.0
pmc,ABLATION,pmc,8,20110607_4,27.0,0.0,4.0,672.5,0.2144935775083957,1462278.0,70.08953857421875,252.0,1462278.0
pmc,ABLATION,pmc,8,20110607_7,27.0,0.0,1.0,18473.5,0.3827757595956569,21307874.0,128.01983642578125,251.796875,21307874.0
pmc,ABLATION,pmc,8,20110607_7,27.0,0.0,1.0,666.0,0.5184520797918737,1190919.0,122.91454315185548,233.0,1190919.0
pmc,ABLATION,pmc,8,20110607_7,27.0,0.0,4.0,1149.0,0.1963694569225189,2355903.0,96.45457458496094,250.0,2355903.0
pmc,ABLATION,pmc,8,20110607_9,27.0,0.0,1.0,11652.0,0.5867984073094836,17713474.0,131.13514709472656,254.609375,17713474.0
pmc,ABLATION,pmc,8,20110607_9,27.0,0.0,1.0,677.0,0.3997547465813832,1034100.0,127.85608673095705,255.0,1034100.0
pmc,ABLATION,pmc,8,20110607_9,27.0,0.0,4.0,1128.0,0.1547859101322715,2185551.0,95.59754180908205,255.0,2185551.0
pmc,ABLATION,pmc,8,20110610_1,30.0,0.0,1.0,24016.5,0.2541578685605447,28466120.0,144.2813262939453,255.0,28466120.0
pmc,ABLATION,pmc,8,20110610_1,30.0,0.0,1.0,720.5,0.3009901883517915,1575310.0,139.54380798339844,255.0,1575310.0
pmc,ABLATION,pmc,8,20110610_1,30.0,0.0,4.0,990.0,0.0893975458201105,2969570.0,112.47518920898438,255.0,2969570.0
pmc,ABLATION,pmc,8,20110610_10,30.0,0.0,1.0,20267.5,0.377437228817171,21051896.0,108.8938217163086,249.71875,21051896.0
pmc,ABLATION,pmc,8,20110610_10,30.0,0.0,1.0,755.5,0.489287538051447,1286941.0,107.00432586669922,238.0,1286941.0
pmc,ABLATION,pmc,8,20110610_10,30.0,0.0,4.0,765.0,0.2167622940399312,1923277.0,74.68746948242188,246.0,1923277.0
pmc,ABLATION,pmc,8,20110610_3,30.0,0.0,1.0,28939.5,0.2461442989569557,29002088.0,100.73458099365234,252.0,29002088.0
pmc,ABLATION,pmc,8,20110610_3,30.0,0.0,1.0,986.0,0.3443800805925964,1519079.0,100.06449127197266,247.0,1519079.0
pmc,ABLATION,pmc,8,20110610_3,30.0,0.0,4.0,1150.0,0.1469014634395117,2262277.0,75.15121459960938,252.0,2262277.0
pmc,ABLATION,pmc,8,20110610_4,30.0,0.0,1.0,35736.5,0.2113028330252851,28392034.0,118.99877166748048,254.53125,28392034.0
pmc,ABLATION,pmc,8,20110610_4,30.0,0.0,1.0,1184.0,0.2687784401419081,1603469.0,116.78579711914062,239.0,1603469.0
pmc,ABLATION,pmc,8,20110610_4,30.0,0.0,4.0,1180.5,0.2005872248983058,2612598.0,94.73829650878906,255.0,2612598.0
pmc,ABLATION,pmc,8,20110610_6,30.0,0.0,1.0,14043.5,0.441302399866798,26355360.0,120.0897216796875,253.875,26355360.0
pmc,ABLATION,pmc,8,20110610_6,30.0,0.0,1.0,1373.5,0.2450772808156186,1452812.0,117.88478088378906,241.0,1452812.0
pmc,ABLATION,pmc,8,20110610_6,30.0,0.0,4.0,1473.0,0.1263846667438131,2396285.0,89.84608459472656,253.0,2396285.0
pmc,ABLATION,pmc,8,20110610_9,30.0,0.0,1.0,10968.0,0.5463307227429195,15374200.0,99.70301055908205,250.25,15374200.0
pmc,ABLATION,pmc,8,20110610_9,30.0,0.0,1.0,612.0,0.4454414169404859,798608.0,97.49822998046876,247.0,798608.0
pmc,ABLATION,pmc,8,20110610_9,30.0,0.0,4.0,624.0,0.2479800581860864,1521661.0,63.18665313720703,247.0,1521661.0
pmc,ABLATION,pmc,8,20110617_1,37.0,0.0,1.0,7176.5,0.4748275228824883,10786986.0,119.59368133544922,255.0,10786986.0
pmc,ABLATION,pmc,8,20110617_1,37.0,0.0,1.0,472.5,0.3692296558658116,572618.0,112.1021957397461,238.0,572618.0
pmc,ABLATION,pmc,8,20110617_1,37.0,0.0,4.0,409.0,0.1541577177993893,1478045.0,67.7039566040039,255.0,1478045.0
pmc,ABLATION,pmc,8,20110617_10,37.0,0.0,1.0,8193.0,0.5206730185672355,8056622.0,120.30555725097656,252.140625,8056622.0
pmc,ABLATION,pmc,8,20110617_10,37.0,0.0,1.0,360.0,0.8351809682175346,453705.0,114.08222198486328,252.0,453705.0
pmc,ABLATION,pmc,8,20110617_10,37.0,0.0,4.0,472.0,0.2255430584133012,1338862.0,66.88624572753906,252.0,1338862.0
pmc,ABLATION,pmc,8,20110617_3,37.0,0.0,1.0,14789.5,0.4710698660134126,15915715.0,110.74497985839844,224.0,15915715.0
pmc,ABLATION,pmc,8,20110617_3,37.0,0.0,1.0,765.0,0.5498466068786966,735348.0,100.1427230834961,212.0,735348.0
pmc,ABLATION,pmc,8,20110617_3,37.0,0.0,4.0,981.5,0.2055166690686907,1771444.0,70.999755859375,224.0,1771444.0
pmc,ABLATION,pmc,8,20110617_6,37.0,0.0,1.0,16347.5,0.443559999066561,15042287.0,123.08656311035156,251.5,15042287.0
pmc,ABLATION,pmc,8,20110617_6,37.0,0.0,1.0,686.5,0.5295164741164954,722763.0,112.98468017578124,251.0,722763.0
pmc,ABLATION,pmc,8,20110617_6,37.0,0.0,4.0,902.0,0.1589757887848825,1907670.0,79.11375427246094,251.0,1907670.0
pmc,ABLATION,pmc,8,20110617_8,37.0,0.0,1.0,8357.5,0.562672092468264,10815297.0,116.54163360595705,254.953125,10815297.0
pmc,ABLATION,pmc,8,20110617_8,37.0,0.0,1.0,467.0,0.4380855520738316,652929.0,113.15927124023438,239.0,652929.0
pmc,ABLATION,pmc,8,20110617_8,37.0,0.0,4.0,530.0,0.2091456215962207,1800610.0,81.10855865478516,253.0,1800610.0
pmc,ABLATION,pmc,8,20110617_9,37.0,0.0,1.0,12019.0,0.4778294277180313,9140042.0,110.3576202392578,251.5,9140042.0
pmc,ABLATION,pmc,8,20110617_9,37.0,0.0,1.0,479.5,0.8502404863953805,514953.0,104.15715789794922,251.0,514953.0
pmc,ABLATION,pmc,8,20110617_9,37.0,0.0,4.0,436.0,0.4104293055925067,1239652.0,58.927223205566406,252.0,1239652.0
pmc,ABLATION,pmc,8,20110627_1,47.0,0.0,1.0,9250.0,0.5240620439960741,11876445.0,122.884765625,250.875,11876445.0
pmc,ABLATION,pmc,8,20110627_1,47.0,0.0,1.0,567.0,0.4390103243784438,563673.0,107.01974487304688,245.0,563673.0
pmc,ABLATION,pmc,8,20110627_1,47.0,0.0,4.0,540.0,0.2107926022301341,1629778.0,69.43498992919922,245.0,1629778.0
pmc,ABLATION,pmc,8,20110627_10,47.0,0.0,3.0,8209.0,0.6483681927079982,13347232.0,120.9306182861328,244.8125,13347232.0
pmc,ABLATION,pmc,8,20110627_10,47.0,0.0,3.0,346.0,0.8888341556663282,479815.0,107.87207794189452,244.0,479815.0
pmc,ABLATION,pmc,8,20110627_10,47.0,0.0,4.0,416.0,0.2089652508994532,1688351.0,69.60263061523438,244.0,1688351.0
pmc,ABLATION,pmc,8,20110627_3,47.0,0.0,3.0,6173.0,0.8818293766006173,15226848.0,136.43028259277344,254.171875,15226848.0
pmc,ABLATION,pmc,8,20110627_3,47.0,0.0,3.0,546.0,0.2892168160834714,750063.0,125.65974426269533,252.0,750063.0
pmc,ABLATION,pmc,8,20110627_3,47.0,0.0,4.0,420.0,0.1927378137842379,2058760.0,85.71737670898438,253.0,2058760.0
pmc,ABLATION,pmc,8,20110627_4,47.0,0.0,3.0,6398.0,0.8938856153001605,11120843.0,125.1698989868164,239.609375,11120843.0
pmc,ABLATION,pmc,8,20110627_4,47.0,0.0,3.0,516.5,0.4036129473296116,640131.0,116.87621307373048,239.0,640131.0
pmc,ABLATION,pmc,8,20110627_4,47.0,0.0,4.0,380.0,0.4424974446229723,1647444.0,72.69953155517578,239.0,1647444.0
pmc,ABLATION,pmc,8,20110627_5,47.0,0.0,1.0,16927.0,0.3321618101459198,9416899.0,95.25782012939452,231.53125,9416899.0
pmc,ABLATION,pmc,8,20110627_5,47.0,0.0,1.0,775.0,0.495288472787411,469049.0,88.18367767333984,232.0,469049.0
pmc,ABLATION,pmc,8,20110627_5,47.0,0.0,4.0,826.0,0.245979399627589,1461542.0,59.65721130371094,232.0,1461542.0
pmc,ABLATION,pmc,8,20110627_6,47.0,0.0,3.0,5012.0,0.84937218024251,8919056.0,119.4511260986328,232.140625,8919056.0
pmc,ABLATION,pmc,8,20110627_6,47.0,0.0,3.0,373.0,0.8127643481852898,512684.0,110.20722198486328,231.0,512684.0
pmc,ABLATION,pmc,8,20110627_6,47.0,0.0,4.0,380.5,0.2054625712047488,1410199.0,62.38162612915039,250.0,1410199.0
pmc_bga,ABLATION,pmc_bga,8,20110511_1,0.0,0.0,1.0,21759.0,0.239527937080835,24860508.0,114.72105407714844,252.546875,24860508.0
pmc_bga,ABLATION,pmc_bga,8,20110511_1,0.0,0.0,1.0,857.0,0.3004102086037394,1447434.0,115.21404266357422,231.0,1447434.0
pmc_bga,ABLATION,pmc_bga,8,20110511_1,0.0,0.0,1.0,1145.0,0.272412452689629,1464718.0,114.78081512451172,254.0,1464718.0
pmc_bga,ABLATION,pmc_bga,8,20110511_2,0.0,0.0,1.0,13194.0,0.5723665951393104,22424894.0,111.15461730957033,251.671875,22424894.0
pmc_bga,ABLATION,pmc_bga,8,20110511_2,0.0,0.0,1.0,742.5,0.5035368266159351,1374904.0,112.41141510009766,244.0,1374904.0
pmc_bga,ABLATION,pmc_bga,8,20110511_2,0.0,0.0,1.0,358.5,0.811096972895445,1327782.0,113.60215759277344,244.0,1327782.0
pmc_bga,ABLATION,pmc_bga,8,20110511_3,0.0,0.0,1.0,18619.5,0.4123798546920958,32925526.0,130.82037353515625,228.609375,32925526.0
pmc_bga,ABLATION,pmc_bga,8,20110511_3,0.0,0.0,1.0,1031.5,0.2725857342162975,2015276.0,132.07130432128906,228.0,2015276.0
pmc_bga,ABLATION,pmc_bga,8,20110511_3,0.0,0.0,1.0,1058.5,0.2487619000434593,1947475.0,132.44525146484375,228.0,1947475.0
pmc_bga,ABLATION,pmc_bga,8,20110511_4,0.0,0.0,1.0,47854.5,0.131770494852358,28264958.0,138.7237548828125,251.390625,28264958.0
pmc_bga,ABLATION,pmc_bga,8,20110511_4,0.0,0.0,1.0,726.5,0.359135673905171,1658948.0,140.1612091064453,251.0,1658948.0
pmc_bga,ABLATION,pmc_bga,8,20110511_4,0.0,0.0,1.0,2163.5,0.1179561854418881,1708503.0,139.56077575683594,251.0,1708503.0
pmc_bga,ABLATION,pmc_bga,8,20110511_5,0.0,0.0,1.0,14287.0,0.3986738193618161,21479934.0,126.56400299072266,254.625,21479934.0
pmc_bga,ABLATION,pmc_bga,8,20110511_5,0.0,0.0,1.0,498.5,0.4821661606390158,1303783.0,126.63005065917967,253.0,1303783.0
pmc_bga,ABLATION,pmc_bga,8,20110511_5,0.0,0.0,1.0,762.0,0.4836272139011549,1279387.0,127.4924774169922,253.0,1279387.0
pmc_bga,ABLATION,pmc_bga,8,20110511_6,0.0,0.0,1.0,35356.5,0.32769120708686,25002800.0,123.14524841308594,252.875,25002800.0
pmc_bga,ABLATION,pmc_bga,8,20110511_6,0.0,0.0,1.0,1032.5,0.2211680650226938,1541941.0,123.6619644165039,252.0,1541941.0
pmc_bga,ABLATION,pmc_bga,8,20110511_6,0.0,0.0,1.0,1423.0,0.4099530382486482,1488936.0,123.61444854736328,252.0,1488936.0
pmc_bga,ABLATION,pmc_bga,8,20110516_1,5.0,0.0,1.0,16329.5,0.5056707003076237,27675206.0,115.36817169189452,252.84375,27675206.0
pmc_bga,ABLATION,pmc_bga,8,20110516_1,5.0,0.0,1.0,984.0,0.4354670771982303,1720013.0,114.40821075439452,252.0,1720013.0
pmc_bga,ABLATION,pmc_bga,8,20110516_1,5.0,0.0,1.0,951.0,0.4215738791829354,1671386.0,115.77902221679688,252.0,1671386.0
pmc_bga,ABLATION,pmc_bga,8,20110516_2,5.0,0.0,1.0,21568.5,0.375977968227683,31648238.0,116.9773941040039,250.109375,31648238.0
pmc_bga,ABLATION,pmc_bga,8,20110516_2,5.0,0.0,1.0,1225.5,0.2492821118525014,1934516.0,117.20077514648438,240.0,1934516.0
pmc_bga,ABLATION,pmc_bga,8,20110516_2,5.0,0.0,1.0,1840.0,0.1530101569242486,1915905.0,116.93042755126952,248.0,1915905.0
pmc_bga,ABLATION,pmc_bga,8,20110516_3,5.0,0.0,1.0,44156.5,0.1807030980503875,40965536.0,115.87439727783205,246.625,40965536.0
pmc_bga,ABLATION,pmc_bga,8,20110516_3,5.0,0.0,1.0,1489.0,0.2397972691575443,2501431.0,115.79627227783205,235.0,2501431.0
pmc_bga,ABLATION,pmc_bga,8,20110516_3,5.0,0.0,1.0,2942.5,0.1007451265873209,2440595.0,115.97029876708984,235.0,2440595.0
pmc_bga,ABLATION,pmc_bga,8,20110516_5,5.0,0.0,1.0,26797.5,0.1793521307462246,32445568.0,122.75434112548828,254.984375,32445568.0
pmc_bga,ABLATION,pmc_bga,8,20110516_5,5.0,0.0,1.0,1107.5,0.308465865521036,2045396.0,121.086669921875,253.0,2045396.0
pmc_bga,ABLATION,pmc_bga,8,20110516_5,5.0,0.0,1.0,1528.5,0.1193437130422803,1962384.0,121.91749572753906,253.0,1962384.0
pmc_bga,ABLATION,pmc_bga,8,20110516_6,5.0,0.0,1.0,49926.5,0.1752308341605414,27429086.0,115.8156509399414,254.796875,27429086.0
pmc_bga,ABLATION,pmc_bga,8,20110516_6,5.0,0.0,1.0,985.0,0.3405369695321801,1568117.0,115.2688217163086,248.0,1568117.0
pmc_bga,ABLATION,pmc_bga,8,20110516_6,5.0,0.0,1.0,2362.5,0.1169260430833269,1656011.0,116.41553497314452,248.0,1656011.0
pmc_bga,ABLATION,pmc_bga,8,20110516_7,5.0,0.0,1.0,22729.5,0.4201816232681036,37934800.0,134.8946075439453,246.75,37934800.0
pmc_bga,ABLATION,pmc_bga,8,20110516_7,5.0,0.0,1.0,953.0,0.3517746322962379,2348194.0,134.190185546875,246.0,2348194.0
pmc_bga,ABLATION,pmc_bga,8,20110516_7,5.0,0.0,1.0,1252.5,0.2634830231704456,2306042.0,134.63580322265625,246.0,2306042.0
pmc_bga,ABLATION,pmc_bga,8,20110519_1,8.0,0.0,1.0,84038.5,0.1606952404520177,36175652.0,107.40830993652344,245.375,36175652.0
pmc_bga,ABLATION,pmc_bga,8,20110519_1,8.0,0.0,1.0,2607.5,0.1268139323500219,2216379.0,108.45994567871094,230.0,2216379.0
pmc_bga,ABLATION,pmc_bga,8,20110519_1,8.0,0.0,1.0,4495.5,0.093366414784442,2139657.0,107.7641372680664,230.0,2139657.0
pmc_bga,ABLATION,pmc_bga,8,20110519_10,8.0,0.0,1.0,58481.5,0.1251188525545432,35247448.0,106.4600601196289,201.203125,35247448.0
pmc_bga,ABLATION,pmc_bga,8,20110519_10,8.0,0.0,1.0,2164.5,0.1787462459875098,2175720.0,105.95178985595705,201.0,2175720.0
pmc_bga,ABLATION,pmc_bga,8,20110519_10,8.0,0.0,1.0,2465.5,0.1506715265883342,2172637.0,105.20735168457033,201.0,2172637.0
pmc_bga,ABLATION,pmc_bga,8,20110519_4,8.0,0.0,1.0,48312.0,0.1716894755094201,31176866.0,108.19364166259766,254.53125,31176866.0
pmc_bga,ABLATION,pmc_bga,8,20110519_4,8.0,0.0,1.0,1235.0,0.2585607302927636,1917577.0,108.16657257080078,255.0,1917577.0
pmc_bga,ABLATION,pmc_bga,8,20110519_4,8.0,0.0,1.0,1896.0,0.1748529024484615,1883821.0,107.8070831298828,255.0,1883821.0
pmc_bga,ABLATION,pmc_bga,8,20110519_5,8.0,0.0,1.0,58359.0,0.2121576767261536,25134920.0,88.40238189697266,225.28125,25134920.0
pmc_bga,ABLATION,pmc_bga,8,20110519_5,8.0,0.0,1.0,1601.0,0.1856213260149183,1533630.0,88.44973754882812,224.0,1533630.0
pmc_bga,ABLATION,pmc_bga,8,20110519_5,8.0,0.0,1.0,3200.5,0.1685841449155647,1514577.0,87.11474609375,224.0,1514577.0
pmc_bga,ABLATION,pmc_bga,8,20110519_7,8.0,0.0,1.0,55432.5,0.160159061352968,33165482.0,94.1479034423828,246.6875,33165482.0
pmc_bga,ABLATION,pmc_bga,8,20110519_7,8.0,0.0,1.0,2717.5,0.1145015978806491,2043512.0,93.70469665527344,244.0,2043512.0
pmc_bga,ABLATION,pmc_bga,8,20110519_7,8.0,0.0,1.0,1826.5,0.2128897462503068,2046572.0,92.68475341796876,244.0,2046572.0
pmc_bga,ABLATION,pmc_bga,8,20110519_8,8.0,0.0,1.0,67189.0,0.1801752724585637,28829440.0,91.85681915283205,246.484375,28829440.0
pmc_bga,ABLATION,pmc_bga,8,20110519_8,8.0,0.0,1.0,2051.0,0.1719456804492965,1767767.0,93.0158920288086,245.0,1767767.0
pmc_bga,ABLATION,pmc_bga,8,20110519_8,8.0,0.0,1.0,3964.0,0.1264384597515462,1761624.0,90.86624908447266,245.0,1761624.0
pmc_bga,ABLATION,pmc_bga,8,20110523_2,12.0,0.0,1.0,62341.5,0.1432833734482462,35713456.0,103.241943359375,254.234375,35713456.0
pmc_bga,ABLATION,pmc_bga,8,20110523_2,12.0,0.0,1.0,1607.0,0.1878128625646186,2129545.0,104.70254516601562,250.0,2129545.0
pmc_bga,ABLATION,pmc_bga,8,20110523_2,12.0,0.0,1.0,3734.0,0.114951925585357,2171050.0,102.27294158935548,250.0,2171050.0
pmc_bga,ABLATION,pmc_bga,8,20110523_3,12.0,0.0,1.0,192774.0,0.0470118755937832,41359032.0,103.15773010253906,247.328125,41359032.0
pmc_bga,ABLATION,pmc_bga,8,20110523_3,12.0,0.0,1.0,2976.0,0.1837774173462468,2480503.0,103.72164154052734,253.0,2480503.0
pmc_bga,ABLATION,pmc_bga,8,20110523_3,12.0,0.0,1.0,10554.5,0.0434427471685591,2612203.0,101.9078140258789,253.0,2612203.0
pmc_bga,ABLATION,pmc_bga,8,20110523_4,12.0,0.0,1.0,35507.0,0.2689160430268135,39388116.0,121.90991973876952,253.46875,39388116.0
pmc_bga,ABLATION,pmc_bga,8,20110523_4,12.0,0.0,1.0,1746.0,0.2289573756732891,2414363.0,121.25774383544922,239.0,2414363.0
pmc_bga,ABLATION,pmc_bga,8,20110523_4,12.0,0.0,1.0,1979.5,0.1919301232586797,2339217.0,121.84056091308594,248.0,2339217.0
pmc_bga,ABLATION,pmc_bga,8,20110523_6,12.0,0.0,1.0,82572.0,0.1325714137546525,34674584.0,110.3976821899414,247.96875,34674584.0
pmc_bga,ABLATION,pmc_bga,8,20110523_6,12.0,0.0,1.0,1953.0,0.2509336830517777,2041883.0,110.7852554321289,246.0,2041883.0
pmc_bga,ABLATION,pmc_bga,8,20110523_6,12.0,0.0,1.0,3908.5,0.0779754127588515,2093917.0,110.02085876464844,246.0,2093917.0
pmc_bga,ABLATION,pmc_bga,8,20110523_7,12.0,0.0,1.0,48928.0,0.1725186768793598,37513764.0,110.5654754638672,253.875,37513764.0
pmc_bga,ABLATION,pmc_bga,8,20110523_7,12.0,0.0,1.0,1746.5,0.1950245317103239,2087790.0,110.81687927246094,225.0,2087790.0
pmc_bga,ABLATION,pmc_bga,8,20110523_7,12.0,0.0,1.0,2104.0,0.1467001433547358,2174682.0,111.62519073486328,241.0,2174682.0
pmc_bga,ABLATION,pmc_bga,8,20110523_9,12.0,0.0,1.0,56179.0,0.1609657813354585,41415360.0,103.73758697509766,216.203125,41415360.0
pmc_bga,ABLATION,pmc_bga,8,20110523_9,12.0,0.0,1.0,2047.0,0.1845297383990069,2441946.0,104.53983306884766,215.0,2441946.0
pmc_bga,ABLATION,pmc_bga,8,20110523_9,12.0,0.0,1.0,5350.0,0.1080167594599953,2465139.0,102.90707397460938,215.0,2465139.0
pmc_bga,ABLATION,pmc_bga,8,20110526_2,15.0,0.0,1.0,89413.5,0.1109119592279092,41607360.0,91.29006958007812,253.109375,41607360.0
pmc_bga,ABLATION,pmc_bga,8,20110526_2,15.0,0.0,1.0,2757.0,0.2012024211199846,2577224.0,92.36038208007812,254.0,2577224.0
pmc_bga,ABLATION,pmc_bga,8,20110526_2,15.0,0.0,1.0,3566.0,0.1468133893793072,2468590.0,92.00171661376952,254.0,2468590.0
pmc_bga,ABLATION,pmc_bga,8,20110526_3,15.0,0.0,1.0,422385.5,0.0701167836736867,57266620.0,99.8708038330078,253.734375,57266620.0
pmc_bga,ABLATION,pmc_bga,8,20110526_3,15.0,0.0,1.0,5618.0,0.0907386554630573,3417080.0,101.03427124023438,255.0,3417080.0
pmc_bga,ABLATION,pmc_bga,8,20110526_3,15.0,0.0,1.0,13668.5,0.0298785754276316,3248484.0,100.61898803710938,255.0,3248484.0
pmc_bga,ABLATION,pmc_bga,8,20110526_5,15.0,0.0,1.0,162816.0,0.1137543502978563,56799624.0,96.6101531982422,254.421875,56799624.0
pmc_bga,ABLATION,pmc_bga,8,20110526_5,15.0,0.0,1.0,3531.0,0.137831673418029,3410607.0,97.91028594970705,253.0,3410607.0
pmc_bga,ABLATION,pmc_bga,8,20110526_5,15.0,0.0,1.0,7665.0,0.0914900629970987,3301885.0,96.36882019042967,253.0,3301885.0
pmc_bga,ABLATION,pmc_bga,8,20110526_6,15.0,0.0,1.0,183822.5,0.0809339701026466,48998244.0,102.77426147460938,250.859375,48998244.0
pmc_bga,ABLATION,pmc_bga,8,20110526_6,15.0,0.0,1.0,3566.0,0.1098693773723078,2857411.0,103.72103881835938,237.0,2857411.0
pmc_bga,ABLATION,pmc_bga,8,20110526_6,15.0,0.0,1.0,7306.0,0.1078451007163181,2850021.0,103.45279693603516,251.0,2850021.0
pmc_bga,ABLATION,pmc_bga,8,20110526_7,15.0,0.0,1.0,115683.0,0.1306224156400213,48392284.0,98.72795867919922,208.953125,48392284.0
pmc_bga,ABLATION,pmc_bga,8,20110526_7,15.0,0.0,1.0,1723.5,0.2469447534569586,2887600.0,100.1109390258789,244.0,2887600.0
pmc_bga,ABLATION,pmc_bga,8,20110526_7,15.0,0.0,1.0,6362.0,0.068360019469992,2927187.0,99.09567260742188,252.0,2927187.0
pmc_bga,ABLATION,pmc_bga,8,20110526_8,15.0,0.0,1.0,313759.5,0.0618536719884227,54462572.0,96.55386352539062,246.296875,54462572.0
pmc_bga,ABLATION,pmc_bga,8,20110526_8,15.0,0.0,1.0,7453.0,0.069128581764924,3286975.0,97.89656066894533,245.0,3286975.0
pmc_bga,ABLATION,pmc_bga,8,20110526_8,15.0,0.0,1.0,14471.5,0.0587934607053901,3309927.0,95.19764709472656,245.0,3309927.0
pmc_bga,ABLATION,pmc_bga,8,20110530_4,19.0,0.0,1.0,15873.5,0.4697654576356074,22801348.0,113.85299682617188,231.15625,22801348.0
pmc_bga,ABLATION,pmc_bga,8,20110530_4,19.0,0.0,1.0,868.5,0.3376669121582911,1370219.0,113.62625122070312,230.0,1370219.0
pmc_bga,ABLATION,pmc_bga,8,20110530_4,19.0,0.0,1.0,1029.5,0.25500839558773,1351622.0,114.45693969726562,230.0,1351622.0
pmc_bga,ABLATION,pmc_bga,8,20110530_5,19.0,0.0,1.0,22849.0,0.4100390225753577,23909830.0,121.59437561035156,254.671875,23909830.0
pmc_bga,ABLATION,pmc_bga,8,20110530_5,19.0,0.0,1.0,1015.0,0.355795054978708,1205396.0,120.51549530029295,238.0,1205396.0
pmc_bga,ABLATION,pmc_bga,8,20110530_5,19.0,0.0,1.0,1299.5,0.2192788607168553,1374781.0,122.94589233398438,252.0,1374781.0
pmc_bga,ABLATION,pmc_bga,8,20110530_6,19.0,0.0,1.0,21757.5,0.3242233615342922,26368102.0,116.38358306884766,252.609375,26368102.0
pmc_bga,ABLATION,pmc_bga,8,20110530_6,19.0,0.0,1.0,856.5,0.3368479600758948,1506591.0,116.24930572509766,227.0,1506591.0
pmc_bga,ABLATION,pmc_bga,8,20110530_6,19.0,0.0,1.0,1205.0,0.2416824833352642,1583903.0,116.65216064453124,250.0,1583903.0
pmc_bga,ABLATION,pmc_bga,8,20110530_7,19.0,0.0,1.0,23154.5,0.3935770548328463,27207016.0,117.67436981201172,250.359375,27207016.0
pmc_bga,ABLATION,pmc_bga,8,20110530_7,19.0,0.0,1.0,787.0,0.3806065882907588,1510608.0,116.14701080322266,247.0,1510608.0
pmc_bga,ABLATION,pmc_bga,8,20110530_7,19.0,0.0,1.0,1276.5,0.1953556281764521,1607050.0,117.46582794189452,252.0,1607050.0
pmc_bga,ABLATION,pmc_bga,8,20110530_8,19.0,0.0,1.0,31456.5,0.2395290763875517,29060002.0,119.25376892089844,254.78125,29060002.0
pmc_bga,ABLATION,pmc_bga,8,20110530_8,19.0,0.0,1.0,1424.0,0.2595098264148023,1684633.0,119.4182357788086,254.0,1684633.0
pmc_bga,ABLATION,pmc_bga,8,20110530_8,19.0,0.0,1.0,1471.5,0.2526218390574268,1721751.0,119.74899291992188,254.0,1721751.0
pmc_bga,ABLATION,pmc_bga,8,20110530_9,19.0,0.0,1.0,14340.0,0.45531930623036,19407964.0,119.49241638183594,254.15625,19407964.0
pmc_bga,ABLATION,pmc_bga,8,20110530_9,19.0,0.0,1.0,677.5,0.3950034537447815,1105293.0,117.57185363769533,229.0,1105293.0
pmc_bga,ABLATION,pmc_bga,8,20110530_9,19.0,0.0,1.0,672.0,0.4560051272880908,1118122.0,120.83885955810548,255.0,1118122.0
pmc_bga,ABLATION,pmc_bga,8,20110603_1,23.0,0.0,1.0,14336.5,0.4648027608218782,10491413.0,117.02635955810548,229.859375,10491413.0
pmc_bga,ABLATION,pmc_bga,8,20110603_1,23.0,0.0,1.0,353.0,0.0787889231511505,190066.0,117.10782623291016,198.0,190066.0
pmc_bga,ABLATION,pmc_bga,8,20110603_1,23.0,0.0,1.0,292.0,0.3497589575366855,447262.0,128.15530395507812,227.0,447262.0
pmc_bga,ABLATION,pmc_bga,8,20110603_10,23.0,0.0,1.0,24365.0,0.299112632340271,22398866.0,154.51756286621094,254.609375,22398866.0
pmc_bga,ABLATION,pmc_bga,8,20110603_10,23.0,0.0,1.0,1403.0,0.2041027027567945,1288922.0,156.17617797851562,255.0,1288922.0
pmc_bga,ABLATION,pmc_bga,8,20110603_10,23.0,0.0,1.0,1114.5,0.3054609026210193,1294735.0,156.5391082763672,255.0,1294735.0
pmc_bga,ABLATION,pmc_bga,8,20110603_3,23.0,0.0,1.0,15149.5,0.4377969646405209,21124546.0,140.22088623046875,239.765625,21124546.0
pmc_bga,ABLATION,pmc_bga,8,20110603_3,23.0,0.0,1.0,720.0,0.4494550147780204,1168366.0,140.26002502441406,232.0,1168366.0
pmc_bga,ABLATION,pmc_bga,8,20110603_3,23.0,0.0,1.0,696.5,0.4341699751019767,1218916.0,142.08135986328125,239.0,1218916.0
pmc_bga,ABLATION,pmc_bga,8,20110603_5,23.0,0.0,1.0,14985.5,0.3825675347032916,25113496.0,139.65908813476562,253.171875,25113496.0
pmc_bga,ABLATION,pmc_bga,8,20110603_5,23.0,0.0,1.0,691.5,0.4747108518457145,1451528.0,139.7446746826172,248.0,1451528.0
pmc_bga,ABLATION,pmc_bga,8,20110603_5,23.0,0.0,1.0,685.0,0.4753498334444109,1489455.0,141.2475128173828,254.0,1489455.0
pmc_bga,ABLATION,pmc_bga,8,20110603_6,23.0,0.0,1.0,15480.5,0.4421735057363197,22044336.0,145.76889038085938,254.25,22044336.0
pmc_bga,ABLATION,pmc_bga,8,20110603_6,23.0,0.0,1.0,886.0,0.3067676463615216,1280573.0,144.87759399414062,255.0,1280573.0
pmc_bga,ABLATION,pmc_bga,8,20110603_6,23.0,0.0,1.0,841.0,0.2759989819835036,1278215.0,146.8368682861328,255.0,1278215.0
pmc_bga,ABLATION,pmc_bga,8,20110603_9,23.0,0.0,1.0,10883.5,0.5705405889803155,18287218.0,138.75082397460938,237.1875,18287218.0
pmc_bga,ABLATION,pmc_bga,8,20110603_9,23.0,0.0,1.0,584.0,0.3776730999006409,1061321.0,138.77105712890625,227.0,1061321.0
pmc_bga,ABLATION,pmc_bga,8,20110603_9,23.0,0.0,1.0,593.0,0.3648623609833659,1073337.0,139.66648864746094,236.0,1073337.0
pmc_bga,ABLATION,pmc_bga,8,20110607_1,27.0,0.0,1.0,19152.5,0.2710175648565195,12585799.0,125.66698455810548,255.0,12585799.0
pmc_bga,ABLATION,pmc_bga,8,20110607_1,27.0,0.0,1.0,745.0,0.260206043685627,663898.0,122.04007720947266,215.0,663898.0
pmc_bga,ABLATION,pmc_bga,8,20110607_1,27.0,0.0,1.0,579.0,0.3700284196855822,749173.0,127.7144546508789,255.0,749173.0
pmc_bga,ABLATION,pmc_bga,8,20110607_2,27.0,0.0,1.0,11216.0,0.5367870022302875,13242386.0,124.24019622802734,254.328125,13242386.0
pmc_bga,ABLATION,pmc_bga,8,20110607_2,27.0,0.0,1.0,548.5,0.4722502880514764,660689.0,120.01616668701172,218.0,660689.0
pmc_bga,ABLATION,pmc_bga,8,20110607_2,27.0,0.0,1.0,531.0,0.4881896079513836,792235.0,125.6120147705078,253.0,792235.0
pmc_bga,ABLATION,pmc_bga,8,20110607_3,27.0,0.0,1.0,12863.0,0.5987342739594138,13026384.0,128.76123046875,254.625,13026384.0
pmc_bga,ABLATION,pmc_bga,8,20110607_3,27.0,0.0,1.0,764.0,0.4615510519111147,751358.0,125.30987548828124,234.0,751358.0
pmc_bga,ABLATION,pmc_bga,8,20110607_3,27.0,0.0,1.0,704.5,0.3979414182105008,781542.0,128.98861694335938,255.0,781542.0
pmc_bga,ABLATION,pmc_bga,8,20110607_4,27.0,0.0,1.0,11914.5,0.5791294262535671,12545550.0,121.21068572998048,254.625,12545550.0
pmc_bga,ABLATION,pmc_bga,8,20110607_4,27.0,0.0,1.0,396.5,0.8584760633335994,737021.0,121.12095642089844,252.0,737021.0
pmc_bga,ABLATION,pmc_bga,8,20110607_4,27.0,0.0,1.0,638.0,0.4320304798272973,736177.0,124.64900207519533,252.0,736177.0
pmc_bga,ABLATION,pmc_bga,8,20110607_7,27.0,0.0,1.0,18684.0,0.4392028324018556,22723202.0,126.46834564208984,251.796875,22723202.0
pmc_bga,ABLATION,pmc_bga,8,20110607_7,27.0,0.0,1.0,648.5,0.4484024871016534,1235526.0,123.77539825439452,240.0,1235526.0
pmc_bga,ABLATION,pmc_bga,8,20110607_7,27.0,0.0,1.0,993.5,0.2897367940740136,1346399.0,128.0577392578125,250.0,1346399.0
pmc_bga,ABLATION,pmc_bga,8,20110607_9,27.0,0.0,1.0,11943.0,0.5815291059150648,19357416.0,128.55831909179688,254.609375,19357416.0
pmc_bga,ABLATION,pmc_bga,8,20110607_9,27.0,0.0,1.0,675.5,0.4251798112472256,966141.0,127.22425842285156,255.0,966141.0
pmc_bga,ABLATION,pmc_bga,8,20110607_9,27.0,0.0,1.0,443.5,0.7385217208554006,1132865.0,130.43927001953125,255.0,1132865.0
pmc_bga,ABLATION,pmc_bga,8,20110610_1,30.0,0.0,1.0,41387.5,0.148180676604814,33326536.0,141.34475708007812,255.0,33326536.0
pmc_bga,ABLATION,pmc_bga,8,20110610_1,30.0,0.0,1.0,557.5,0.404279359093998,1553455.0,138.5899658203125,255.0,1553455.0
pmc_bga,ABLATION,pmc_bga,8,20110610_1,30.0,0.0,1.0,677.5,0.5447715528061764,1872542.0,143.4019012451172,255.0,1872542.0
pmc_bga,ABLATION,pmc_bga,8,20110610_10,30.0,0.0,1.0,20880.5,0.3768580224566961,22879454.0,107.98715209960938,249.71875,22879454.0
pmc_bga,ABLATION,pmc_bga,8,20110610_10,30.0,0.0,1.0,741.0,0.451947106432824,1304023.0,107.26519775390624,238.0,1304023.0
pmc_bga,ABLATION,pmc_bga,8,20110610_10,30.0,0.0,1.0,766.5,0.5034020848154211,1353694.0,110.19080352783205,246.0,1353694.0
pmc_bga,ABLATION,pmc_bga,8,20110610_3,30.0,0.0,1.0,34067.5,0.1681325080995261,31708948.0,100.57453155517578,252.0,31708948.0
pmc_bga,ABLATION,pmc_bga,8,20110610_3,30.0,0.0,1.0,980.0,0.2897341306986178,1530654.0,98.88584899902344,240.0,1530654.0
pmc_bga,ABLATION,pmc_bga,8,20110610_3,30.0,0.0,1.0,1432.5,0.1542077024847738,1806367.0,102.43079376220705,252.0,1806367.0
pmc_bga,ABLATION,pmc_bga,8,20110610_4,30.0,0.0,1.0,35408.5,0.2096185220071082,30125298.0,119.58186340332033,254.53125,30125298.0
pmc_bga,ABLATION,pmc_bga,8,20110610_4,30.0,0.0,1.0,1194.0,0.2683691846074394,1571339.0,116.37824249267578,239.0,1571339.0
pmc_bga,ABLATION,pmc_bga,8,20110610_4,30.0,0.0,1.0,1104.5,0.2288563954280396,1821241.0,118.78691864013672,255.0,1821241.0
pmc_bga,ABLATION,pmc_bga,8,20110610_6,30.0,0.0,1.0,14168.5,0.4406007099874529,27898900.0,120.42567443847656,253.875,27898900.0
pmc_bga,ABLATION,pmc_bga,8,20110610_6,30.0,0.0,1.0,1360.0,0.2344942540042122,1405690.0,116.4614715576172,241.0,1405690.0
pmc_bga,ABLATION,pmc_bga,8,20110610_6,30.0,0.0,1.0,738.0,0.4479729469780525,1608067.0,122.13785552978516,253.0,1608067.0
pmc_bga,ABLATION,pmc_bga,8,20110610_9,30.0,0.0,1.0,14166.5,0.2874476270811707,18559508.0,100.44493865966795,250.25,18559508.0
pmc_bga,ABLATION,pmc_bga,8,20110610_9,30.0,0.0,1.0,483.5,0.5177757745901079,800893.0,96.84317016601562,247.0,800893.0
pmc_bga,ABLATION,pmc_bga,8,20110610_9,30.0,0.0,1.0,605.5,0.4036503282894521,1035318.0,100.63355255126952,247.0,1035318.0
pmc_bga,ABLATION,pmc_bga,8,20110617_1,37.0,0.0,1.0,9726.5,0.6038859890005728,14654900.0,120.22958374023438,255.0,14654900.0
pmc_bga,ABLATION,pmc_bga,8,20110617_1,37.0,0.0,1.0,384.0,0.406810464673935,529804.0,109.7584457397461,238.0,529804.0
pmc_bga,ABLATION,pmc_bga,8,20110617_1,37.0,0.0,1.0,354.5,0.8468914287235184,861977.0,121.81698608398438,255.0,861977.0
pmc_bga,ABLATION,pmc_bga,8,20110617_10,37.0,0.0,1.0,8591.5,0.5855263803931846,10193416.0,116.7095947265625,252.140625,10193416.0
pmc_bga,ABLATION,pmc_bga,8,20110617_10,37.0,0.0,1.0,358.5,0.864609407607348,428697.0,115.3031234741211,252.0,428697.0
pmc_bga,ABLATION,pmc_bga,8,20110617_10,37.0,0.0,1.0,446.5,0.3630012319626635,590192.0,122.06659698486328,252.0,590192.0
pmc_bga,ABLATION,pmc_bga,8,20110617_3,37.0,0.0,1.0,16130.0,0.4438035813379808,21431138.0,112.87210083007812,224.0,21431138.0
pmc_bga,ABLATION,pmc_bga,8,20110617_3,37.0,0.0,1.0,764.0,0.4848965766672997,738102.0,100.58626556396484,212.0,738102.0
pmc_bga,ABLATION,pmc_bga,8,20110617_3,37.0,0.0,1.0,849.0,0.2743604690033562,1269482.0,112.52278137207033,224.0,1269482.0
pmc_bga,ABLATION,pmc_bga,8,20110617_6,37.0,0.0,2.0,20195.5,0.323174215358498,20679768.0,122.2743148803711,251.5,20679768.0
pmc_bga,ABLATION,pmc_bga,8,20110617_6,37.0,0.0,1.0,687.5,0.4046077247991509,747135.0,112.55422973632812,251.0,747135.0
pmc_bga,ABLATION,pmc_bga,8,20110617_6,37.0,0.0,2.0,817.5,0.2523096610285048,1186008.0,121.31832885742188,251.0,1186008.0
pmc_bga,ABLATION,pmc_bga,8,20110617_8,37.0,0.0,1.0,9499.0,0.6015865718611058,16613677.0,118.5641098022461,254.953125,16613677.0
pmc_bga,ABLATION,pmc_bga,8,20110617_8,37.0,0.0,1.0,456.0,0.3835763344629504,661802.0,113.90740203857422,253.0,661802.0
pmc_bga,ABLATION,pmc_bga,8,20110617_8,37.0,0.0,1.0,375.0,0.7223468530418206,950545.0,120.73478698730467,253.0,950545.0
pmc_bga,ABLATION,pmc_bga,8,20110617_9,37.0,0.0,1.0,12866.5,0.5230743594288917,12091590.0,109.81971740722656,254.953125,12091590.0
pmc_bga,ABLATION,pmc_bga,8,20110617_9,37.0,0.0,1.0,449.5,0.803582746087091,511088.0,104.23985290527344,251.0,511088.0
pmc_bga,ABLATION,pmc_bga,8,20110617_9,37.0,0.0,1.0,675.0,0.3604790946727851,686338.0,113.9906997680664,252.0,686338.0
pmc_bga,ABLATION,pmc_bga,8,20110627_1,47.0,0.0,2.0,13376.5,0.308178908790548,19314812.0,122.9123306274414,250.875,19314812.0
pmc_bga,ABLATION,pmc_bga,8,20110627_1,47.0,0.0,1.0,558.0,0.4134782740731512,509547.0,105.51811981201172,245.0,509547.0
pmc_bga,ABLATION,pmc_bga,8,20110627_1,47.0,0.0,2.0,384.0,0.8187721789863416,1094022.0,119.51300048828124,245.0,1094022.0
pmc_bga,ABLATION,pmc_bga,8,20110627_10,47.0,0.0,2.0,9674.0,0.589609257066949,20105050.0,117.95207214355467,244.8125,20105050.0
pmc_bga,ABLATION,pmc_bga,8,20110627_10,47.0,0.0,3.0,355.5,0.8773977827360582,435154.0,107.0752944946289,244.0,435154.0
pmc_bga,ABLATION,pmc_bga,8,20110627_10,47.0,0.0,2.0,441.5,0.4907523991492908,1060383.0,118.05644989013672,244.0,1060383.0
pmc_bga,ABLATION,pmc_bga,8,20110627_3,47.0,0.0,2.0,14154.5,0.2625735957361042,23296248.0,133.4860382080078,254.171875,23296248.0
pmc_bga,ABLATION,pmc_bga,8,20110627_3,47.0,0.0,3.0,527.5,0.2374122181432244,731401.0,125.92992401123048,252.0,731401.0
pmc_bga,ABLATION,pmc_bga,8,20110627_3,47.0,0.0,3.0,440.5,0.3867281689591444,1202391.0,132.39276123046875,253.0,1202391.0
pmc_bga,ABLATION,pmc_bga,8,20110627_4,47.0,0.0,2.0,8759.5,0.307694761355373,18383412.0,124.12922668457033,239.609375,18383412.0
pmc_bga,ABLATION,pmc_bga,8,20110627_4,47.0,0.0,3.0,359.5,0.8872700532982739,470898.0,114.74122619628906,239.0,470898.0
pmc_bga,ABLATION,pmc_bga,8,20110627_4,47.0,0.0,2.0,503.5,0.4116108129735256,941627.0,126.51175689697266,239.0,941627.0
pmc_bga,ABLATION,pmc_bga,8,20110627_5,47.0,0.0,2.0,12993.0,0.5579409802827062,18205376.0,102.17407989501952,231.53125,18205376.0
pmc_bga,ABLATION,pmc_bga,8,20110627_5,47.0,0.0,1.0,776.0,0.4959275538445798,467803.0,87.03311920166016,232.0,467803.0
pmc_bga,ABLATION,pmc_bga,8,20110627_5,47.0,0.0,2.0,734.0,0.3571218833607356,981756.0,105.00064086914062,232.0,981756.0
pmc_bga,ABLATION,pmc_bga,8,20110627_6,47.0,0.0,2.0,13146.5,0.2306696814628697,16000560.0,121.86907958984376,254.75,16000560.0
pmc_bga,ABLATION,pmc_bga,8,20110627_6,47.0,0.0,3.0,389.0,0.8476282317733801,477237.0,114.58271026611328,235.0,477237.0
pmc_bga,ABLATION,pmc_bga,8,20110627_6,47.0,0.0,2.0,356.5,0.8065720220702616,918839.0,121.39503479003906,250.0,918839.0
