Architecture,Rank,stem,storage_day,gt_class,pred_class,area,circularity,opt_volume
edge_sam_lora,2,20110511_1,0,0,1,1160.0,0.2256478327414962,1527653.0
edge_sam_lora,2,20110511_2,0,0,1,730.5,0.3483809842329168,1355487.0
edge_sam_lora,2,20110511_3,0,0,1,1356.5,0.1899336440822113,2024774.0
edge_sam_lora,2,20110511_4,0,0,1,2770.5,0.089938320930007,1745543.0
edge_sam_lora,2,20110511_5,0,0,1,753.5,0.2325569789099451,1297653.0
edge_sam_lora,2,20110511_6,0,0,1,2241.5,0.1079658639923869,1552738.0
edge_sam_lora,2,20110516_1,5,0,1,1385.0,0.2142818145888045,1616023.0
edge_sam_lora,2,20110516_2,5,0,1,2226.0,0.1314976873485136,1907682.0
edge_sam_lora,2,20110516_3,5,0,1,3094.0,0.1027625938054327,2507380.0
edge_sam_lora,2,20110516_5,5,0,1,749.0,0.2551012843637457,1683108.0
edge_sam_lora,2,20110516_6,5,0,1,1098.5,0.1722440141313801,1636858.0
edge_sam_lora,2,20110516_7,5,0,1,1408.5,0.2219264946780001,2319663.0
edge_sam_lora,2,20110519_1,8,0,1,4716.0,0.096293783347419,2164026.0
edge_sam_lora,2,20110519_10,8,0,1,3489.0,0.0895831411827125,2164073.0
edge_sam_lora,2,20110519_4,8,0,1,1663.0,0.2817029825261721,1937031.0
edge_sam_lora,2,20110519_5,8,0,1,2646.5,0.2136361844129045,1541007.0
edge_sam_lora,2,20110519_7,8,0,1,2503.5,0.1169858044235532,1962177.0
edge_sam_lora,2,20110519_8,8,0,1,3886.5,0.1160742049097281,1750631.0
edge_sam_lora,2,20110523_2,12,0,1,3176.0,0.0919283059568257,2173959.0
edge_sam_lora,2,20110523_3,12,0,1,11224.0,0.037559200573511,2592977.0
edge_sam_lora,2,20110523_4,12,0,1,2048.0,0.1964289228236791,2399585.0
edge_sam_lora,2,20110523_6,12,0,1,5055.5,0.0917632864907339,2139234.0
edge_sam_lora,2,20110523_7,12,0,1,2261.5,0.169738512787637,2191369.0
edge_sam_lora,2,20110523_9,12,0,1,3014.5,0.098120377508036,2459351.0
edge_sam_lora,2,20110526_2,15,0,1,2707.0,0.1776707625946435,2275517.0
edge_sam_lora,2,20110526_3,15,0,1,4560.5,0.0906746287133302,3127345.0
edge_sam_lora,2,20110526_5,15,0,1,4033.0,0.0937294119410056,3101646.0
edge_sam_lora,2,20110526_6,15,0,1,3710.0,0.1383618847742195,2752612.0
edge_sam_lora,2,20110526_7,15,0,1,2614.5,0.1772831622715527,2796916.0
edge_sam_lora,2,20110526_8,15,0,1,8893.5,0.0504005253222398,3118529.0
edge_sam_lora,2,20110530_4,19,0,1,858.0,0.3319442701766974,1391619.0
edge_sam_lora,2,20110530_5,19,0,1,1397.5,0.3222673777537564,1434021.0
edge_sam_lora,2,20110530_6,19,0,1,1282.0,0.2268150967687474,1622544.0
edge_sam_lora,2,20110530_7,19,0,1,959.0,0.2225337327347787,1653386.0
edge_sam_lora,2,20110530_8,19,0,1,1488.5,0.2243405490595245,1758065.0
edge_sam_lora,2,20110530_9,19,0,1,784.0,0.3334754504969363,1184416.0
edge_sam_lora,2,20110603_1,23,0,1,301.5,0.3838086570179456,536040.0
edge_sam_lora,2,20110603_10,23,0,1,1135.5,0.3092311477337726,1324417.0
edge_sam_lora,2,20110603_3,23,0,1,850.5,0.2971844491074205,1259501.0
edge_sam_lora,2,20110603_5,23,0,1,788.5,0.362389095115273,1451663.0
edge_sam_lora,2,20110603_6,23,0,1,856.5,0.2656225501397755,1345131.0
edge_sam_lora,2,20110603_9,23,0,1,613.0,0.5003154869275876,1125340.0
edge_sam_lora,2,20110607_1,27,0,1,774.0,0.2283852691202348,755546.0
edge_sam_lora,2,20110607_2,27,0,1,645.5,0.27315238403974,798177.0
edge_sam_lora,2,20110607_3,27,0,1,699.0,0.3839445597809745,771104.0
edge_sam_lora,2,20110607_4,27,0,1,650.0,0.4113667553125961,747391.0
edge_sam_lora,2,20110607_7,27,0,1,1073.0,0.2999424687790111,1360151.0
edge_sam_lora,2,20110607_9,27,0,1,735.5,0.4248380203966224,1195038.0
edge_sam_lora,2,20110610_1,30,0,1,1441.0,0.214055952881053,1925632.0
edge_sam_lora,2,20110610_10,30,0,1,744.5,0.3804700794910157,1375435.0
edge_sam_lora,2,20110610_3,30,0,1,1421.0,0.1580138023150799,1766154.0
edge_sam_lora,2,20110610_4,30,0,1,1552.0,0.153080791845861,1812426.0
edge_sam_lora,2,20110610_6,30,0,1,1374.0,0.2143385446089776,1698244.0
edge_sam_lora,2,20110610_9,30,0,1,776.0,0.192044712334904,1035581.0
edge_sam_lora,2,20110617_1,37,0,1,333.5,0.6737230257022968,684312.0
edge_sam_lora,2,20110617_10,37,0,1,491.0,0.4822460014937703,590675.0
edge_sam_lora,2,20110617_3,37,0,1,1097.0,0.1998277157076966,1088709.0
edge_sam_lora,2,20110617_6,37,0,2,357.0,0.4873808585233824,670579.0
edge_sam_lora,2,20110617_8,37,0,1,539.5,0.3543188836135876,994264.0
edge_sam_lora,2,20110617_9,37,0,1,307.0,0.637382781084304,422448.0
edge_sam_lora,2,20110627_1,47,0,2,351.0,0.6647716465726797,577170.0
edge_sam_lora,2,20110627_10,47,0,2,839.0,0.2119105035434898,1009886.0
edge_sam_lora,2,20110627_3,47,0,2,718.5,0.2861257988809366,1343887.0
edge_sam_lora,2,20110627_4,47,0,3,592.0,0.4308845078901432,1039736.0
edge_sam_lora,2,20110627_5,47,0,1,796.5,0.4759776996415901,961540.0
edge_sam_lora,2,20110627_6,47,0,1,613.0,0.2241119843451736,517638.0
edge_sam_lora,4,20110511_1,0,0,1,1178.5,0.2530358016021361,1502687.0
edge_sam_lora,4,20110511_2,0,0,1,732.5,0.3806894291997604,1351773.0
edge_sam_lora,4,20110511_3,0,0,1,1139.0,0.2894615213144021,1991873.0
edge_sam_lora,4,20110511_4,0,0,1,2307.5,0.1238094229304295,1758886.0
edge_sam_lora,4,20110511_5,0,0,1,787.0,0.2887942046798117,1302161.0
edge_sam_lora,4,20110511_6,0,0,1,2034.0,0.1906967170802132,1561883.0
edge_sam_lora,4,20110516_1,5,0,1,961.0,0.3539559787629249,1640747.0
edge_sam_lora,4,20110516_2,5,0,1,1096.5,0.2731238721447241,1864348.0
edge_sam_lora,4,20110516_3,5,0,1,1507.5,0.1906299758732176,2463105.0
edge_sam_lora,4,20110516_5,5,0,1,1961.5,0.1418628363930077,1968276.0
edge_sam_lora,4,20110516_6,5,0,1,1392.0,0.2358990582748352,1653899.0
edge_sam_lora,4,20110516_7,5,0,1,1311.5,0.1907692689229993,2309882.0
edge_sam_lora,4,20110519_1,8,0,1,4725.5,0.0980270520087919,2163624.0
edge_sam_lora,4,20110519_10,8,0,1,2573.0,0.1679751215997564,2200573.0
edge_sam_lora,4,20110519_4,8,0,1,1741.0,0.3107487766404188,1949889.0
edge_sam_lora,4,20110519_5,8,0,1,3572.0,0.132210751931389,1558930.0
edge_sam_lora,4,20110519_7,8,0,1,2792.0,0.1447116346813536,2037021.0
edge_sam_lora,4,20110519_8,8,0,1,3953.5,0.1427744308782379,1756038.0
edge_sam_lora,4,20110523_2,12,0,1,3721.0,0.1132809361970858,2215808.0
edge_sam_lora,4,20110523_3,12,0,1,13504.5,0.038255003000475,2655306.0
edge_sam_lora,4,20110523_4,12,0,1,2153.0,0.2225717630131038,2456012.0
edge_sam_lora,4,20110523_6,12,0,1,5036.5,0.1099798059949296,2135530.0
edge_sam_lora,4,20110523_7,12,0,1,2936.0,0.1375820294351385,2227455.0
edge_sam_lora,4,20110523_9,12,0,1,6561.0,0.0583641558214432,2527036.0
edge_sam_lora,4,20110526_2,15,0,1,5011.5,0.0664386679119179,2447000.0
edge_sam_lora,4,20110526_3,15,0,1,15580.5,0.0290685032936462,3275145.0
edge_sam_lora,4,20110526_5,15,0,1,8774.5,0.1633022527955099,3261230.0
edge_sam_lora,4,20110526_6,15,0,1,7016.0,0.062703545180161,2845999.0
edge_sam_lora,4,20110526_7,15,0,1,4349.5,0.0758494014569818,2852310.0
edge_sam_lora,4,20110526_8,15,0,1,12887.5,0.0826147375691123,3239863.0
edge_sam_lora,4,20110530_4,19,0,1,1062.0,0.2160965373163469,1388873.0
edge_sam_lora,4,20110530_5,19,0,1,1400.5,0.3333204291133781,1464642.0
edge_sam_lora,4,20110530_6,19,0,1,1279.0,0.2680835808689739,1620575.0
edge_sam_lora,4,20110530_7,19,0,1,1700.0,0.2151095855106057,1671319.0
edge_sam_lora,4,20110530_8,19,0,1,1792.0,0.1784055087971223,1812170.0
edge_sam_lora,4,20110530_9,19,0,1,872.5,0.4186009750392627,1186710.0
edge_sam_lora,4,20110603_1,23,0,1,312.0,0.3653102786296335,545177.0
edge_sam_lora,4,20110603_10,23,0,1,1401.0,0.2296942485387523,1335136.0
edge_sam_lora,4,20110603_3,23,0,1,906.0,0.3518531478213866,1289671.0
edge_sam_lora,4,20110603_5,23,0,1,802.0,0.5349693977656296,1417136.0
edge_sam_lora,4,20110603_6,23,0,1,913.0,0.431537630352409,1315347.0
edge_sam_lora,4,20110603_9,23,0,1,624.5,0.4358553252573336,1112238.0
edge_sam_lora,4,20110607_1,27,0,1,1151.5,0.2109228424405974,782446.0
edge_sam_lora,4,20110607_2,27,0,1,653.0,0.2471184902586967,811715.0
edge_sam_lora,4,20110607_3,27,0,1,711.0,0.4283376558940463,782267.0
edge_sam_lora,4,20110607_4,27,0,1,651.0,0.3608463909196958,755600.0
edge_sam_lora,4,20110607_7,27,0,1,1040.0,0.2911079405136323,1369173.0
edge_sam_lora,4,20110607_9,27,0,1,673.0,0.4330945702933507,1187390.0
edge_sam_lora,4,20110610_1,30,0,1,1504.0,0.2585524338604497,1980573.0
edge_sam_lora,4,20110610_10,30,0,1,765.0,0.4267826820198914,1382133.0
edge_sam_lora,4,20110610_3,30,0,1,1442.5,0.192033497489693,1800710.0
edge_sam_lora,4,20110610_4,30,0,1,1658.5,0.1742256515581277,1823013.0
edge_sam_lora,4,20110610_6,30,0,1,1352.0,0.2047990977602701,1710655.0
edge_sam_lora,4,20110610_9,30,0,1,718.5,0.2174233009965911,1102386.0
edge_sam_lora,4,20110617_1,37,0,1,390.0,0.6104892810220922,704973.0
edge_sam_lora,4,20110617_10,37,0,1,531.0,0.4441670608490857,599761.0
edge_sam_lora,4,20110617_3,37,0,1,1199.0,0.2743052738970278,1250101.0
edge_sam_lora,4,20110617_6,37,0,1,2069.5,0.0519145365722634,1210138.0
edge_sam_lora,4,20110617_8,37,0,1,455.5,0.3732261048404419,963152.0
edge_sam_lora,4,20110617_9,37,0,1,583.5,0.1227483783393061,585922.0
edge_sam_lora,4,20110627_1,47,0,2,652.5,0.1291967851786379,926491.0
edge_sam_lora,4,20110627_10,47,0,2,942.0,0.2683621870755114,1115847.0
edge_sam_lora,4,20110627_3,47,0,2,817.0,0.2323066079273553,1390862.0
edge_sam_lora,4,20110627_4,47,0,2,520.0,0.2331943533862914,1081356.0
edge_sam_lora,4,20110627_5,47,0,2,848.5,0.5178132995545097,1007588.0
edge_sam_lora,4,20110627_6,47,0,2,383.5,0.2837355554798733,715483.0
edge_sam_lora,8,20110511_1,0,0,1,1388.5,0.203391821510939,1512193.0
edge_sam_lora,8,20110511_2,0,0,1,679.0,0.411010185805178,1331600.0
edge_sam_lora,8,20110511_3,0,0,1,1033.0,0.2463751042461723,1978039.0
edge_sam_lora,8,20110511_4,0,0,1,2855.5,0.1061538709456881,1744519.0
edge_sam_lora,8,20110511_5,0,0,1,759.0,0.4942811712775988,1300743.0
edge_sam_lora,8,20110511_6,0,0,1,2077.5,0.2188553772704862,1533960.0
edge_sam_lora,8,20110516_1,5,0,1,958.0,0.3619764676861192,1667889.0
edge_sam_lora,8,20110516_2,5,0,1,1205.5,0.2919706850765088,1886104.0
edge_sam_lora,8,20110516_3,5,0,1,1767.0,0.1816552704719215,2490937.0
edge_sam_lora,8,20110516_5,5,0,1,1295.5,0.1805643451420485,1997879.0
edge_sam_lora,8,20110516_6,5,0,1,2212.5,0.1719168967175323,1655257.0
edge_sam_lora,8,20110516_7,5,0,1,1303.5,0.1994877097844715,2316394.0
edge_sam_lora,8,20110519_1,8,0,1,4624.0,0.0912769422237114,2174955.0
edge_sam_lora,8,20110519_10,8,0,1,3354.5,0.0936642642334256,2207553.0
edge_sam_lora,8,20110519_4,8,0,1,3649.5,0.086606871869281,1917294.0
edge_sam_lora,8,20110519_5,8,0,1,3578.5,0.1557896780151313,1545609.0
edge_sam_lora,8,20110519_7,8,0,1,3431.0,0.138236533603099,2046572.0
edge_sam_lora,8,20110519_8,8,0,1,4196.0,0.1776404787216763,1784932.0
edge_sam_lora,8,20110523_2,12,0,1,3822.0,0.1408282821644686,2209233.0
edge_sam_lora,8,20110523_3,12,0,1,11259.5,0.0460770909371732,2612552.0
edge_sam_lora,8,20110523_4,12,0,1,1976.5,0.1773700128290954,2366776.0
edge_sam_lora,8,20110523_6,12,0,1,4787.5,0.0820400669350258,2110489.0
edge_sam_lora,8,20110523_7,12,0,1,2474.5,0.1407982384561912,2218917.0
edge_sam_lora,8,20110523_9,12,0,1,5836.5,0.1019312923518193,2478966.0
edge_sam_lora,8,20110526_2,15,0,1,4707.5,0.081101257400838,2450631.0
edge_sam_lora,8,20110526_3,15,0,1,6663.0,0.0542017435641407,3174140.0
edge_sam_lora,8,20110526_5,15,0,1,6705.5,0.0756301247715541,3235656.0
edge_sam_lora,8,20110526_6,15,0,1,4933.5,0.1452377601292109,2846668.0
edge_sam_lora,8,20110526_7,15,0,1,5881.5,0.0849995754079793,2904625.0
edge_sam_lora,8,20110526_8,15,0,1,11056.0,0.037831448833514,3182753.0
edge_sam_lora,8,20110530_4,19,0,1,935.5,0.4810517240091684,1389071.0
edge_sam_lora,8,20110530_5,19,0,1,1389.0,0.3059506579997709,1431526.0
edge_sam_lora,8,20110530_6,19,0,1,1241.5,0.2514345702798202,1609705.0
edge_sam_lora,8,20110530_7,19,0,1,1023.0,0.2638996491031954,1660426.0
edge_sam_lora,8,20110530_8,19,0,1,1501.0,0.2202359194917246,1779403.0
edge_sam_lora,8,20110530_9,19,0,1,760.0,0.3541137766225863,1176700.0
edge_sam_lora,8,20110603_1,23,0,1,254.0,0.3579782660485966,517766.0
edge_sam_lora,8,20110603_10,23,0,1,1341.0,0.1878894215709197,1339955.0
edge_sam_lora,8,20110603_3,23,0,1,816.5,0.3777397646838482,1267116.0
edge_sam_lora,8,20110603_5,23,0,1,840.5,0.285121752092844,1527660.0
edge_sam_lora,8,20110603_6,23,0,1,886.5,0.343895753485482,1332397.0
edge_sam_lora,8,20110603_9,23,0,1,583.0,0.4795740555167295,1107297.0
edge_sam_lora,8,20110607_1,27,0,1,590.5,0.3952859097936432,761619.0
edge_sam_lora,8,20110607_2,27,0,1,664.5,0.2636021816345061,810069.0
edge_sam_lora,8,20110607_3,27,0,1,757.5,0.5419813580188494,779791.0
edge_sam_lora,8,20110607_4,27,0,1,651.0,0.4239486711425089,744839.0
edge_sam_lora,8,20110607_7,27,0,1,1060.5,0.3209149766275364,1374006.0
edge_sam_lora,8,20110607_9,27,0,1,502.0,0.5065250418741457,1191265.0
edge_sam_lora,8,20110610_1,30,0,1,1472.0,0.2248016269131074,1989803.0
edge_sam_lora,8,20110610_10,30,0,1,1171.0,0.2698034755397182,1373120.0
edge_sam_lora,8,20110610_3,30,0,1,1387.5,0.2118354238528295,1893195.0
edge_sam_lora,8,20110610_4,30,0,1,1237.5,0.3105315717838164,1856668.0
edge_sam_lora,8,20110610_6,30,0,1,1362.0,0.2137123438537524,1660138.0
edge_sam_lora,8,20110610_9,30,0,1,757.0,0.2106436467106432,1099306.0
edge_sam_lora,8,20110617_1,37,0,1,566.0,0.3887950336811681,897457.0
edge_sam_lora,8,20110617_10,37,0,1,512.5,0.4939636735609558,598219.0
edge_sam_lora,8,20110617_3,37,0,1,939.0,0.3978149260832632,1299873.0
edge_sam_lora,8,20110617_6,37,0,2,899.0,0.326253322109277,1267810.0
edge_sam_lora,8,20110617_8,37,0,1,533.5,0.4799860785826421,995927.0
edge_sam_lora,8,20110617_9,37,0,1,722.0,0.4320561930471788,729875.0
edge_sam_lora,8,20110627_1,47,0,2,553.5,0.3882858939106314,1156936.0
edge_sam_lora,8,20110627_10,47,0,2,673.0,0.2775191529139967,1234386.0
edge_sam_lora,8,20110627_3,47,0,3,448.5,0.3969654129854709,1417701.0
edge_sam_lora,8,20110627_4,47,0,3,552.5,0.367242308525642,1098450.0
edge_sam_lora,8,20110627_5,47,0,2,804.0,0.4779200039387135,1087686.0
edge_sam_lora,8,20110627_6,47,0,2,355.0,0.7665989507604744,965418.0
edge_sam_lora,16,20110511_1,0,0,1,1302.0,0.1975007400554176,1521267.0
edge_sam_lora,16,20110511_2,0,0,1,709.5,0.3736672307092079,1342857.0
edge_sam_lora,16,20110511_3,0,0,1,1664.0,0.1702586150128614,1970088.0
edge_sam_lora,16,20110511_4,0,0,1,2146.0,0.1219807030548427,1717652.0
edge_sam_lora,16,20110511_5,0,0,1,730.0,0.3775195044167421,1315545.0
edge_sam_lora,16,20110511_6,0,0,1,1862.0,0.1462054834184709,1517788.0
edge_sam_lora,16,20110516_1,5,0,1,963.5,0.3315590436320474,1669207.0
edge_sam_lora,16,20110516_2,5,0,1,1471.5,0.2414279978728389,1933753.0
edge_sam_lora,16,20110516_3,5,0,1,2227.5,0.1635807271614391,2496044.0
edge_sam_lora,16,20110516_5,5,0,1,1405.0,0.1953253298470524,1994252.0
edge_sam_lora,16,20110516_6,5,0,1,2510.0,0.1534590263485716,1677446.0
edge_sam_lora,16,20110516_7,5,0,1,1407.0,0.234976774552436,2329904.0
edge_sam_lora,16,20110519_1,8,0,1,4807.5,0.0939588262115238,2182791.0
edge_sam_lora,16,20110519_10,8,0,1,3329.0,0.1067752777844385,2182753.0
edge_sam_lora,16,20110519_4,8,0,1,3636.5,0.0767212773779035,1926382.0
edge_sam_lora,16,20110519_5,8,0,1,3504.5,0.1264985348747388,1549979.0
edge_sam_lora,16,20110519_7,8,0,1,3105.0,0.1546279431996418,2044432.0
edge_sam_lora,16,20110519_8,8,0,1,3859.5,0.1099650335030177,1764450.0
edge_sam_lora,16,20110523_2,12,0,1,3947.5,0.1680789744659768,2206859.0
edge_sam_lora,16,20110523_3,12,0,1,5683.5,0.0596040936624859,2541314.0
edge_sam_lora,16,20110523_4,12,0,1,2014.5,0.1753047249513886,2396723.0
edge_sam_lora,16,20110523_6,12,0,1,4829.0,0.0822650078163212,2145582.0
edge_sam_lora,16,20110523_7,12,0,1,2381.5,0.2339429737163033,2230561.0
edge_sam_lora,16,20110523_9,12,0,1,3265.0,0.1208965918354083,2517873.0
edge_sam_lora,16,20110526_2,15,0,1,3026.5,0.2921002066907358,2484309.0
edge_sam_lora,16,20110526_3,15,0,1,5988.0,0.0765311241521133,3248116.0
edge_sam_lora,16,20110526_5,15,0,1,7001.5,0.078513694637191,3314685.0
edge_sam_lora,16,20110526_6,15,0,1,7477.5,0.0680442474010327,2892397.0
edge_sam_lora,16,20110526_7,15,0,1,6259.0,0.0598586593906268,2913325.0
edge_sam_lora,16,20110526_8,15,0,1,11614.0,0.042894823268999,3277018.0
edge_sam_lora,16,20110530_4,19,0,1,954.5,0.503626016414241,1418721.0
edge_sam_lora,16,20110530_5,19,0,1,1317.5,0.2729907662004084,1437784.0
edge_sam_lora,16,20110530_6,19,0,1,1269.5,0.2688788856247824,1630518.0
edge_sam_lora,16,20110530_7,19,0,1,1265.5,0.1780066939517254,1640108.0
edge_sam_lora,16,20110530_8,19,0,1,1800.0,0.1646979212577298,1771038.0
edge_sam_lora,16,20110530_9,19,0,1,813.0,0.4105973168849418,1191523.0
edge_sam_lora,16,20110603_1,23,0,4,337.5,0.4664376699911126,550277.0
edge_sam_lora,16,20110603_10,23,0,1,1407.0,0.2194864137686764,1354686.0
edge_sam_lora,16,20110603_3,23,0,1,785.0,0.3371428486794,1275717.0
edge_sam_lora,16,20110603_5,23,0,1,881.0,0.2955618122432967,1524382.0
edge_sam_lora,16,20110603_6,23,0,1,928.0,0.232363148180886,1336281.0
edge_sam_lora,16,20110603_9,23,0,1,636.5,0.4958124700664633,1109430.0
edge_sam_lora,16,20110607_1,27,0,1,1101.5,0.2022939328421902,760861.0
edge_sam_lora,16,20110607_2,27,0,1,534.5,0.4623698623011591,800652.0
edge_sam_lora,16,20110607_3,27,0,1,792.5,0.2474589901428824,795394.0
edge_sam_lora,16,20110607_4,27,0,1,657.0,0.4480833558723608,752062.0
edge_sam_lora,16,20110607_7,27,0,1,1091.5,0.3489254296333889,1380032.0
edge_sam_lora,16,20110607_9,27,0,1,731.5,0.488658166700354,1166669.0
edge_sam_lora,16,20110610_1,30,0,1,1404.0,0.1807231194147603,1970234.0
edge_sam_lora,16,20110610_10,30,0,1,721.0,0.4364334955451753,1363280.0
edge_sam_lora,16,20110610_3,30,0,1,1421.5,0.1710295818462951,1890512.0
edge_sam_lora,16,20110610_4,30,0,1,2195.5,0.1676526338285927,1835693.0
edge_sam_lora,16,20110610_6,30,0,1,1394.5,0.1950691624556222,1696234.0
edge_sam_lora,16,20110610_9,30,0,1,851.5,0.1997666259025778,1096228.0
edge_sam_lora,16,20110617_1,37,0,1,761.5,0.251778424869202,888991.0
edge_sam_lora,16,20110617_10,37,0,1,516.0,0.5174641090193699,585699.0
edge_sam_lora,16,20110617_3,37,0,1,875.5,0.301725211681039,1300949.0
edge_sam_lora,16,20110617_6,37,0,1,919.5,0.4021935841125797,1238211.0
edge_sam_lora,16,20110617_8,37,0,1,543.5,0.2789704148230402,951578.0
edge_sam_lora,16,20110617_9,37,0,1,705.5,0.3796615454721372,725075.0
edge_sam_lora,16,20110627_1,47,0,2,569.5,0.3785420712085061,1170106.0
edge_sam_lora,16,20110627_10,47,0,2,1413.5,0.1244421992517597,1213232.0
edge_sam_lora,16,20110627_3,47,0,3,483.0,0.477280053395324,1368109.0
edge_sam_lora,16,20110627_4,47,0,3,352.0,0.7217777777088993,1049597.0
edge_sam_lora,16,20110627_5,47,0,1,728.5,0.3474271685707241,1064911.0
edge_sam_lora,16,20110627_6,47,0,3,354.0,0.7713634832643234,947913.0
edge_sam_lora,32,20110511_1,0,0,1,1156.5,0.2473189784251316,1515715.0
edge_sam_lora,32,20110511_2,0,0,1,715.0,0.4210318981103203,1345048.0
edge_sam_lora,32,20110511_3,0,0,1,1754.0,0.1544532914795155,2007497.0
edge_sam_lora,32,20110511_4,0,0,1,3065.5,0.090379748161182,1736017.0
edge_sam_lora,32,20110511_5,0,0,1,773.5,0.4831354921452226,1330904.0
edge_sam_lora,32,20110511_6,0,0,1,2115.0,0.2892291765785571,1545744.0
edge_sam_lora,32,20110516_1,5,0,1,952.5,0.4301545570747176,1686551.0
edge_sam_lora,32,20110516_2,5,0,1,1152.0,0.3709848585380082,1923309.0
edge_sam_lora,32,20110516_3,5,0,1,1811.0,0.2296548363626466,2518863.0
edge_sam_lora,32,20110516_5,5,0,1,1356.0,0.2122558261561596,2022258.0
edge_sam_lora,32,20110516_6,5,0,1,2490.5,0.1517396782477746,1717094.0
edge_sam_lora,32,20110516_7,5,0,1,1391.0,0.3638077200235203,2370721.0
edge_sam_lora,32,20110519_1,8,0,1,4910.5,0.1044017102624377,2241324.0
edge_sam_lora,32,20110519_10,8,0,1,3551.0,0.0981079990972488,2232583.0
edge_sam_lora,32,20110519_4,8,0,1,2950.0,0.1325324403734841,1940097.0
edge_sam_lora,32,20110519_5,8,0,1,3122.5,0.256876368619268,1567862.0
edge_sam_lora,32,20110519_7,8,0,1,3521.0,0.1540148811509998,2090046.0
edge_sam_lora,32,20110519_8,8,0,1,4049.0,0.1667844638462076,1793610.0
edge_sam_lora,32,20110523_2,12,0,1,3669.5,0.1158646191129979,2236191.0
edge_sam_lora,32,20110523_3,12,0,1,12360.0,0.0442990344514235,2674676.0
edge_sam_lora,32,20110523_4,12,0,1,2051.5,0.1977784542300184,2443851.0
edge_sam_lora,32,20110523_6,12,0,1,4998.5,0.1023566613992392,2160145.0
edge_sam_lora,32,20110523_7,12,0,1,2247.5,0.1778563732075982,2263155.0
edge_sam_lora,32,20110523_9,12,0,1,3269.5,0.117878817958202,2566556.0
edge_sam_lora,32,20110526_2,15,0,1,5578.0,0.074072275443281,2554283.0
edge_sam_lora,32,20110526_3,15,0,1,20125.0,0.0361533048100429,3516613.0
edge_sam_lora,32,20110526_5,15,0,1,9139.5,0.1212707655072162,3478358.0
edge_sam_lora,32,20110526_6,15,0,1,7602.5,0.0842126989655846,2980678.0
edge_sam_lora,32,20110526_7,15,0,1,5563.5,0.0776345766003015,2980900.0
edge_sam_lora,32,20110526_8,15,0,1,10609.5,0.1402569582914114,3354139.0
edge_sam_lora,32,20110530_4,19,0,1,1105.0,0.251022374784978,1433179.0
edge_sam_lora,32,20110530_5,19,0,1,1377.5,0.3622102541059488,1448872.0
edge_sam_lora,32,20110530_6,19,0,1,1232.5,0.2094604810866803,1635375.0
edge_sam_lora,32,20110530_7,19,0,1,1411.0,0.3116914638066452,1679649.0
edge_sam_lora,32,20110530_8,19,0,1,1915.5,0.2357712646060923,1810923.0
edge_sam_lora,32,20110530_9,19,0,1,1017.0,0.3183289409063011,1174525.0
edge_sam_lora,32,20110603_1,23,0,4,346.5,0.42674211630796,568075.0
edge_sam_lora,32,20110603_10,23,0,1,1384.0,0.2040247488439373,1351314.0
edge_sam_lora,32,20110603_3,23,0,1,786.5,0.358742353596808,1257946.0
edge_sam_lora,32,20110603_5,23,0,1,858.0,0.3076835078232581,1531871.0
edge_sam_lora,32,20110603_6,23,0,1,834.0,0.2708445175184093,1307515.0
edge_sam_lora,32,20110603_9,23,0,1,631.0,0.5480517198609024,1108586.0
edge_sam_lora,32,20110607_1,27,0,1,813.5,0.2828065528681158,764974.0
edge_sam_lora,32,20110607_2,27,0,1,659.0,0.2308602870851323,813126.0
edge_sam_lora,32,20110607_3,27,0,1,794.5,0.2772010671894053,784460.0
edge_sam_lora,32,20110607_4,27,0,1,616.5,0.4347072162504547,744614.0
edge_sam_lora,32,20110607_7,27,0,1,1072.0,0.3416518348618987,1386945.0
edge_sam_lora,32,20110607_9,27,0,1,699.0,0.4552075608999229,1191886.0
edge_sam_lora,32,20110610_1,30,0,1,1419.0,0.2140147541549468,1981238.0
edge_sam_lora,32,20110610_10,30,0,1,1213.0,0.2645817796710378,1384062.0
edge_sam_lora,32,20110610_3,30,0,1,1493.0,0.2441720141304436,1901050.0
edge_sam_lora,32,20110610_4,30,0,1,1231.0,0.3233910146220918,1857467.0
edge_sam_lora,32,20110610_6,30,0,1,765.0,0.3637460467828833,1719038.0
edge_sam_lora,32,20110610_9,30,0,1,645.5,0.4342759510042441,1093914.0
edge_sam_lora,32,20110617_1,37,0,1,575.5,0.3987673761472971,888079.0
edge_sam_lora,32,20110617_10,37,0,1,504.0,0.4553128098425071,604140.0
edge_sam_lora,32,20110617_3,37,0,1,923.0,0.3327156729127482,1305186.0
edge_sam_lora,32,20110617_6,37,0,1,1137.0,0.249428844372669,1223577.0
edge_sam_lora,32,20110617_8,37,0,1,517.5,0.4216873470705129,966725.0
edge_sam_lora,32,20110617_9,37,0,1,682.0,0.3822239684095769,728635.0
edge_sam_lora,32,20110627_1,47,0,2,860.5,0.2238605187507649,1173417.0
edge_sam_lora,32,20110627_10,47,0,2,911.0,0.2603808804092925,1164916.0
edge_sam_lora,32,20110627_3,47,0,3,440.0,0.3639608107254362,1373467.0
edge_sam_lora,32,20110627_4,47,0,3,505.5,0.3601320218826608,1043215.0
edge_sam_lora,32,20110627_5,47,0,2,737.0,0.3433971749894195,1062043.0
edge_sam_lora,32,20110627_6,47,0,3,384.0,0.7186827894585576,948813.0
mobile_sam_lora,2,20110511_1,0,0,1,21704.0,0.2543101857641842,24757962.0
mobile_sam_lora,2,20110511_2,0,0,1,12909.5,0.5664708941069844,22311898.0
mobile_sam_lora,2,20110511_3,0,0,1,17533.0,0.3771484353498697,32279116.0
mobile_sam_lora,2,20110511_4,0,0,1,50573.0,0.1734401776339387,27931842.0
mobile_sam_lora,2,20110511_5,0,0,1,15050.0,0.3813338731680072,21935000.0
mobile_sam_lora,2,20110511_6,0,0,1,34902.0,0.3393505105118269,24903412.0
mobile_sam_lora,2,20110516_1,5,0,1,16121.0,0.4993717045452138,27392676.0
mobile_sam_lora,2,20110516_2,5,0,1,23865.0,0.2292049576385567,31606430.0
mobile_sam_lora,2,20110516_3,5,0,1,44250.5,0.1838835923883447,41323588.0
mobile_sam_lora,2,20110516_5,5,0,1,26215.5,0.1831342887284962,32454324.0
mobile_sam_lora,2,20110516_6,5,0,1,48521.0,0.1563930339099563,27071738.0
mobile_sam_lora,2,20110516_7,5,0,1,21810.5,0.3829995409246743,37285316.0
mobile_sam_lora,2,20110519_1,8,0,1,81600.0,0.1562711015046433,35337444.0
mobile_sam_lora,2,20110519_10,8,0,1,42641.0,0.1972396918932852,35365448.0
mobile_sam_lora,2,20110519_4,8,0,1,26802.0,0.3390608985873734,30929458.0
mobile_sam_lora,2,20110519_5,8,0,1,52894.5,0.2512395557615686,24933896.0
mobile_sam_lora,2,20110519_7,8,0,1,56587.0,0.1712141709544898,33505740.0
mobile_sam_lora,2,20110519_8,8,0,1,66767.0,0.1989422486694946,28776548.0
mobile_sam_lora,2,20110523_2,12,0,1,63549.5,0.1491383993288821,35892612.0
mobile_sam_lora,2,20110523_3,12,0,1,222266.0,0.041359880496048,42015616.0
mobile_sam_lora,2,20110523_4,12,0,1,36434.0,0.2781042546375239,40145804.0
mobile_sam_lora,2,20110523_6,12,0,1,44713.5,0.2346093025232581,33661560.0
mobile_sam_lora,2,20110523_7,12,0,1,51726.0,0.1840858961303199,38684892.0
mobile_sam_lora,2,20110523_9,12,0,1,56431.0,0.145187823936165,41295520.0
mobile_sam_lora,2,20110526_2,15,0,1,91871.0,0.1235959342811688,41587028.0
mobile_sam_lora,2,20110526_3,15,0,1,386220.0,0.0552119665536657,59398736.0
mobile_sam_lora,2,20110526_5,15,0,1,214369.5,0.0832216087696085,55163080.0
mobile_sam_lora,2,20110526_6,15,0,1,171450.5,0.078899822256605,48320824.0
mobile_sam_lora,2,20110526_7,15,0,1,112529.5,0.1002143492527058,49115768.0
mobile_sam_lora,2,20110526_8,15,0,1,340749.5,0.0647492837597329,56605856.0
mobile_sam_lora,2,20110530_4,19,0,1,15563.0,0.4429082639218119,23047226.0
mobile_sam_lora,2,20110530_5,19,0,1,22319.5,0.4007692071714707,22961954.0
mobile_sam_lora,2,20110530_6,19,0,1,21453.5,0.3211899850733732,26212630.0
mobile_sam_lora,2,20110530_7,19,0,1,24229.0,0.4147990882042703,28088720.0
mobile_sam_lora,2,20110530_8,19,0,1,31409.0,0.2384616705353409,28968734.0
mobile_sam_lora,2,20110530_9,19,0,1,14891.0,0.4832481348398402,19681194.0
mobile_sam_lora,2,20110603_1,23,0,1,6060.0,0.5611284725069567,9172165.0
mobile_sam_lora,2,20110603_10,23,0,1,23932.5,0.2920275789141012,21924284.0
mobile_sam_lora,2,20110603_3,23,0,1,15106.0,0.4331363468255463,20984230.0
mobile_sam_lora,2,20110603_5,23,0,1,13314.0,0.4409316159184551,24690166.0
mobile_sam_lora,2,20110603_6,23,0,1,12554.0,0.5255736068132412,21426130.0
mobile_sam_lora,2,20110603_9,23,0,1,10332.5,0.5570865704220865,18073110.0
mobile_sam_lora,2,20110607_1,27,0,1,18946.5,0.2878053994185778,12457252.0
mobile_sam_lora,2,20110607_2,27,0,1,11129.5,0.5466073495599106,13300805.0
mobile_sam_lora,2,20110607_3,27,0,1,12554.5,0.5951563372801245,12757882.0
mobile_sam_lora,2,20110607_4,27,0,1,15386.0,0.3698689833275697,12553827.0
mobile_sam_lora,2,20110607_7,27,0,1,18810.5,0.4469310355669246,22796132.0
mobile_sam_lora,2,20110607_9,27,0,1,22769.5,0.2791239680745477,19252748.0
mobile_sam_lora,2,20110610_1,30,0,1,43325.0,0.1577501892469679,33208404.0
mobile_sam_lora,2,20110610_10,30,0,1,21073.5,0.389165869184705,23152474.0
mobile_sam_lora,2,20110610_3,30,0,1,36793.0,0.1420631274458403,31174916.0
mobile_sam_lora,2,20110610_4,30,0,1,36956.5,0.2231988082007154,30506696.0
mobile_sam_lora,2,20110610_6,30,0,1,14322.0,0.4271563290730296,28744634.0
mobile_sam_lora,2,20110610_9,30,0,1,14730.0,0.3021302771679085,18720784.0
mobile_sam_lora,2,20110617_1,37,0,1,14151.0,0.3464467667574049,14809683.0
mobile_sam_lora,2,20110617_10,37,0,1,8616.0,0.5521593005434839,9949936.0
mobile_sam_lora,2,20110617_3,37,0,1,16518.0,0.478692194184063,21599254.0
mobile_sam_lora,2,20110617_6,37,0,2,20150.5,0.3122639083633048,20942266.0
mobile_sam_lora,2,20110617_8,37,0,1,9197.0,0.5824604396476823,16200156.0
mobile_sam_lora,2,20110617_9,37,0,1,12229.5,0.4795231398831651,11720984.0
mobile_sam_lora,2,20110627_1,47,0,2,13922.0,0.341765710485457,19370738.0
mobile_sam_lora,2,20110627_10,47,0,2,12713.5,0.4188916710721186,20825490.0
mobile_sam_lora,2,20110627_3,47,0,2,11184.5,0.3568627498630651,22953964.0
mobile_sam_lora,2,20110627_4,47,0,3,11619.0,0.3174038797433176,18441850.0
mobile_sam_lora,2,20110627_5,47,0,2,17286.5,0.3337011811711389,17927006.0
mobile_sam_lora,2,20110627_6,47,0,3,10016.0,0.3284441557391938,15768797.0
mobile_sam_lora,4,20110511_1,0,0,1,34479.5,0.27192472341915,23727976.0
mobile_sam_lora,4,20110511_2,0,0,1,19530.5,0.3511670425910613,16949084.0
mobile_sam_lora,4,20110511_3,0,0,1,31156.5,0.2625872750540682,29433306.0
mobile_sam_lora,4,20110511_4,0,0,1,49542.0,0.2643999092527179,25100678.0
mobile_sam_lora,4,20110511_5,0,0,1,23090.5,0.4618577853042963,21857312.0
mobile_sam_lora,4,20110511_6,0,0,1,37427.0,0.2217896190011467,25209338.0
mobile_sam_lora,4,20110516_1,5,0,1,21757.0,0.3569308591214674,24956104.0
mobile_sam_lora,4,20110516_2,5,0,1,18701.0,0.397324271444525,24768124.0
mobile_sam_lora,4,20110516_3,5,0,1,45527.5,0.2074179074557244,33583220.0
mobile_sam_lora,4,20110516_5,5,0,1,17784.0,0.3384574200775889,22729324.0
mobile_sam_lora,4,20110516_6,5,0,1,48844.0,0.1937702055805685,22503972.0
mobile_sam_lora,4,20110516_7,5,0,1,22789.5,0.2919318334009709,27777864.0
mobile_sam_lora,4,20110519_1,8,0,1,85386.0,0.1920736898850716,33027282.0
mobile_sam_lora,4,20110519_10,8,0,1,30582.5,0.225126771149513,24443260.0
mobile_sam_lora,4,20110519_4,8,0,1,17925.0,0.2984725745902493,24021564.0
mobile_sam_lora,4,20110519_5,8,0,1,53783.0,0.24993618344917,22677256.0
mobile_sam_lora,4,20110519_7,8,0,1,56569.5,0.1818042131182915,27086116.0
mobile_sam_lora,4,20110519_8,8,0,1,73377.0,0.2882369655695515,28196978.0
mobile_sam_lora,4,20110523_2,12,0,1,35960.5,0.1926875261304154,27548858.0
mobile_sam_lora,4,20110523_3,12,0,1,111833.0,0.0898946950913654,25137858.0
mobile_sam_lora,4,20110523_4,12,0,1,23642.0,0.3851107385165742,27092534.0
mobile_sam_lora,4,20110523_6,12,0,1,60326.0,0.1938293588623681,27733492.0
mobile_sam_lora,4,20110523_7,12,0,1,38310.0,0.2325912562653549,25006650.0
mobile_sam_lora,4,20110523_9,12,0,1,47444.0,0.308158543399482,28272534.0
mobile_sam_lora,4,20110526_2,15,0,1,23311.5,0.3024593720173892,15753753.0
mobile_sam_lora,4,20110526_3,15,0,1,149595.5,0.2054091681074858,24947926.0
mobile_sam_lora,4,20110526_5,15,0,1,28193.0,0.2600630456686131,13416963.0
mobile_sam_lora,4,20110526_6,15,0,1,129475.5,0.1288390859393913,34621736.0
mobile_sam_lora,4,20110526_7,15,0,1,115013.0,0.1404951010433098,37517104.0
mobile_sam_lora,4,20110526_8,15,0,1,20901.0,0.4050371382819806,8704304.0
mobile_sam_lora,4,20110530_4,19,0,1,15127.0,0.6009618048068335,20421686.0
mobile_sam_lora,4,20110530_5,19,0,1,20367.5,0.4199501875849021,18144844.0
mobile_sam_lora,4,20110530_6,19,0,1,19712.5,0.2900895946529008,24422228.0
mobile_sam_lora,4,20110530_7,19,0,1,12756.5,0.4769001516537329,17815456.0
mobile_sam_lora,4,20110530_8,19,0,1,32073.5,0.2707090408146963,26846818.0
mobile_sam_lora,4,20110530_9,19,0,1,20720.5,0.3670251047673575,17771086.0
mobile_sam_lora,4,20110603_1,23,0,2,5028.0,0.2306747010635849,6085816.5
mobile_sam_lora,4,20110603_10,23,0,1,21028.5,0.2756346367063338,17654124.0
mobile_sam_lora,4,20110603_3,23,0,1,14363.0,0.4773575577168652,18370740.0
mobile_sam_lora,4,20110603_5,23,0,1,12953.5,0.4389289338961213,20963426.0
mobile_sam_lora,4,20110603_6,23,0,1,14269.5,0.3170431418376926,20693108.0
mobile_sam_lora,4,20110603_9,23,0,1,9679.0,0.558340974897428,15122356.0
mobile_sam_lora,4,20110607_1,27,0,1,14499.5,0.4244032286130872,9535396.0
mobile_sam_lora,4,20110607_2,27,0,1,12183.0,0.4351798211689031,12596566.0
mobile_sam_lora,4,20110607_3,27,0,1,13416.0,0.611758101306173,12966755.0
mobile_sam_lora,4,20110607_4,27,0,1,10786.0,0.528092777962579,10098472.0
mobile_sam_lora,4,20110607_7,27,0,1,18887.0,0.4936181028330947,20951856.0
mobile_sam_lora,4,20110607_9,27,0,1,24930.0,0.3510371472841248,17320892.0
mobile_sam_lora,4,20110610_1,30,0,1,20849.0,0.1897935980524244,19648798.0
mobile_sam_lora,4,20110610_10,30,0,1,21548.5,0.3970830338549724,16629370.0
mobile_sam_lora,4,20110610_3,30,0,1,20476.5,0.4785083195630165,10587682.0
mobile_sam_lora,4,20110610_4,30,0,1,38528.0,0.2297533954108815,24676642.0
mobile_sam_lora,4,20110610_6,30,0,1,11336.5,0.5204131272077761,16054422.0
mobile_sam_lora,4,20110610_9,30,0,1,11840.0,0.6207264609227895,12075836.0
mobile_sam_lora,4,20110617_1,37,0,1,26537.0,0.3730763798767637,13296073.0
mobile_sam_lora,4,20110617_10,37,0,1,8087.5,0.5994634864678053,8135371.5
mobile_sam_lora,4,20110617_3,37,0,1,21089.5,0.4290415932591888,19581898.0
mobile_sam_lora,4,20110617_6,37,0,1,16416.0,0.320416636076795,16117146.0
mobile_sam_lora,4,20110617_8,37,0,3,8462.5,0.5857402201288221,11824467.0
mobile_sam_lora,4,20110617_9,37,0,1,13094.5,0.5720811077171676,8890077.0
mobile_sam_lora,4,20110627_1,47,0,3,7364.0,0.8537885302027423,12550909.0
mobile_sam_lora,4,20110627_10,47,0,3,7631.5,0.557430960690843,11564545.0
mobile_sam_lora,4,20110627_3,47,0,3,9433.5,0.3343670624166429,16050083.0
mobile_sam_lora,4,20110627_4,47,0,3,9191.5,0.3915307935268055,12674331.0
mobile_sam_lora,4,20110627_5,47,0,1,13581.0,0.637750203437837,10406060.0
mobile_sam_lora,4,20110627_6,47,0,3,10828.5,0.2300038265433405,10283557.0
mobile_sam_lora,8,20110511_1,0,0,1,21968.0,0.2538059715309678,24772446.0
mobile_sam_lora,8,20110511_2,0,0,1,12453.0,0.4849258296521467,21987596.0
mobile_sam_lora,8,20110511_3,0,0,1,17881.0,0.3954085103008496,32196502.0
mobile_sam_lora,8,20110511_4,0,0,1,48341.0,0.1427530828310649,27911792.0
mobile_sam_lora,8,20110511_5,0,0,1,14560.5,0.3961051967324749,21413492.0
mobile_sam_lora,8,20110511_6,0,0,1,34775.5,0.3371966851707063,24997170.0
mobile_sam_lora,8,20110516_1,5,0,1,16206.0,0.5091504068719569,27115028.0
mobile_sam_lora,8,20110516_2,5,0,1,21838.0,0.378241426153369,31311474.0
mobile_sam_lora,8,20110516_3,5,0,1,43647.0,0.1795687012653906,40750412.0
mobile_sam_lora,8,20110516_5,5,0,1,31802.5,0.157285368760043,32581104.0
mobile_sam_lora,8,20110516_6,5,0,1,48629.0,0.1535915696799554,27114856.0
mobile_sam_lora,8,20110516_7,5,0,1,22606.0,0.4096664759509129,37769376.0
mobile_sam_lora,8,20110519_1,8,0,1,82838.0,0.1608952136615067,35606532.0
mobile_sam_lora,8,20110519_10,8,0,1,60251.0,0.1351415989405855,35771524.0
mobile_sam_lora,8,20110519_4,8,0,1,27299.0,0.3428278926721615,30924870.0
mobile_sam_lora,8,20110519_5,8,0,1,58405.5,0.2139646507173533,25053534.0
mobile_sam_lora,8,20110519_7,8,0,1,55849.0,0.1657679975096448,33548360.0
mobile_sam_lora,8,20110519_8,8,0,1,67346.0,0.2036939893454679,28975958.0
mobile_sam_lora,8,20110523_2,12,0,1,61442.0,0.1287112564902946,34986504.0
mobile_sam_lora,8,20110523_3,12,0,1,223422.0,0.0386691665052856,41394080.0
mobile_sam_lora,8,20110523_4,12,0,1,35966.0,0.2733860322881637,39543004.0
mobile_sam_lora,8,20110523_6,12,0,1,82629.0,0.1404048549027441,34749076.0
mobile_sam_lora,8,20110523_7,12,0,1,49285.5,0.1735668897338574,37445884.0
mobile_sam_lora,8,20110523_9,12,0,1,99539.5,0.0974849473597112,41005776.0
mobile_sam_lora,8,20110526_2,15,0,1,91611.5,0.1308627332543619,41860560.0
mobile_sam_lora,8,20110526_3,15,0,1,422946.5,0.0741639655446155,57376072.0
mobile_sam_lora,8,20110526_5,15,0,1,213883.0,0.096805944962252,56671856.0
mobile_sam_lora,8,20110526_6,15,0,1,191253.0,0.1026717428456612,49069544.0
mobile_sam_lora,8,20110526_7,15,0,1,112718.5,0.1151636264783784,48076016.0
mobile_sam_lora,8,20110526_8,15,0,1,230277.5,0.0851082903636667,55167112.0
mobile_sam_lora,8,20110530_4,19,0,1,15152.0,0.4429020570929941,22379656.0
mobile_sam_lora,8,20110530_5,19,0,1,22879.5,0.4176142628815961,23287716.0
mobile_sam_lora,8,20110530_6,19,0,1,21988.0,0.3366782180269055,26120396.0
mobile_sam_lora,8,20110530_7,19,0,1,23232.0,0.3926593042567546,27010226.0
mobile_sam_lora,8,20110530_8,19,0,1,31512.5,0.2924384089569899,28660602.0
mobile_sam_lora,8,20110530_9,19,0,1,14748.0,0.4755457091379522,19352776.0
mobile_sam_lora,8,20110603_1,23,0,1,4954.0,0.4382946240487429,8264604.0
mobile_sam_lora,8,20110603_10,23,0,1,23791.5,0.2881123721817062,21331690.0
mobile_sam_lora,8,20110603_3,23,0,1,14461.5,0.4421722694071184,20609324.0
mobile_sam_lora,8,20110603_5,23,0,1,13266.5,0.435692958805238,24419408.0
mobile_sam_lora,8,20110603_6,23,0,1,15236.0,0.4331546798933661,21809966.0
mobile_sam_lora,8,20110603_9,23,0,1,10518.5,0.5548340976695054,17728852.0
mobile_sam_lora,8,20110607_1,27,0,1,19034.0,0.2825199810072505,12259839.0
mobile_sam_lora,8,20110607_2,27,0,1,10629.0,0.5208191171325721,12754186.0
mobile_sam_lora,8,20110607_3,27,0,1,12443.5,0.58611589806269,12497675.0
mobile_sam_lora,8,20110607_4,27,0,1,11654.5,0.5739482394018948,12302147.0
mobile_sam_lora,8,20110607_7,27,0,1,18626.0,0.3731653098754724,22522972.0
mobile_sam_lora,8,20110607_9,27,0,1,22715.5,0.2829152196728015,18704578.0
mobile_sam_lora,8,20110610_1,30,0,1,41339.5,0.1477342547430522,32209050.0
mobile_sam_lora,8,20110610_10,30,0,1,23953.0,0.2700124553577528,22559634.0
mobile_sam_lora,8,20110610_3,30,0,1,27978.5,0.2261673996366629,31014174.0
mobile_sam_lora,8,20110610_4,30,0,1,36018.5,0.2177231179545409,30206850.0
mobile_sam_lora,8,20110610_6,30,0,1,14005.0,0.4374605866292056,28290570.0
mobile_sam_lora,8,20110610_9,30,0,1,13207.5,0.2997718694720581,18342618.0
mobile_sam_lora,8,20110617_1,37,0,1,9509.5,0.5944090406287867,14382433.0
mobile_sam_lora,8,20110617_10,37,0,1,8315.0,0.5780485580489777,9836783.0
mobile_sam_lora,8,20110617_3,37,0,1,16092.0,0.4698868589329311,21473090.0
mobile_sam_lora,8,20110617_6,37,0,2,19702.0,0.2914219411060415,20518042.0
mobile_sam_lora,8,20110617_8,37,0,1,8796.0,0.5732751025291768,15706398.0
mobile_sam_lora,8,20110617_9,37,0,1,12425.0,0.498724910242559,11890110.0
mobile_sam_lora,8,20110627_1,47,0,2,13675.0,0.3341527783144044,19471732.0
mobile_sam_lora,8,20110627_10,47,0,2,12546.5,0.4311137761143473,20767568.0
mobile_sam_lora,8,20110627_3,47,0,2,13574.0,0.2529713106897369,22866536.0
mobile_sam_lora,8,20110627_4,47,0,2,8985.5,0.3238725873704239,18367496.0
mobile_sam_lora,8,20110627_5,47,0,2,17490.5,0.3703229303047602,17768426.0
mobile_sam_lora,8,20110627_6,47,0,2,6929.0,0.5072023883854438,15922289.0
mobile_sam_lora,16,20110511_1,0,0,1,21728.5,0.2431755017652394,24972688.0
mobile_sam_lora,16,20110511_2,0,0,1,12860.5,0.551876199949065,22184274.0
mobile_sam_lora,16,20110511_3,0,0,1,17669.5,0.3690049960743901,32522070.0
mobile_sam_lora,16,20110511_4,0,0,1,37909.5,0.1642368205804789,27860462.0
mobile_sam_lora,16,20110511_5,0,0,1,14581.0,0.3967802192764824,21619928.0
mobile_sam_lora,16,20110511_6,0,0,1,34455.5,0.2981706901885594,25070334.0
mobile_sam_lora,16,20110516_1,5,0,1,15926.5,0.4734115949808345,27447348.0
mobile_sam_lora,16,20110516_2,5,0,1,21023.5,0.350356915515774,31054680.0
mobile_sam_lora,16,20110516_3,5,0,1,43579.5,0.1696964124337302,40821824.0
mobile_sam_lora,16,20110516_5,5,0,1,22390.5,0.2187918492855577,32358392.0
mobile_sam_lora,16,20110516_6,5,0,1,41972.0,0.1815176074964389,27133276.0
mobile_sam_lora,16,20110516_7,5,0,1,22209.0,0.376163938927245,37948060.0
mobile_sam_lora,16,20110519_1,8,0,1,81241.0,0.1430936679295679,35753072.0
mobile_sam_lora,16,20110519_10,8,0,1,42621.5,0.1906867206613886,35636116.0
mobile_sam_lora,16,20110519_4,8,0,1,28142.0,0.3405717249311258,31915816.0
mobile_sam_lora,16,20110519_5,8,0,1,54180.0,0.2467830583401274,25269368.0
mobile_sam_lora,16,20110519_7,8,0,1,56226.0,0.1616114779680006,33952336.0
mobile_sam_lora,16,20110519_8,8,0,1,66068.0,0.1742912743037848,28585790.0
mobile_sam_lora,16,20110523_2,12,0,1,60606.5,0.1185029658117295,35550104.0
mobile_sam_lora,16,20110523_3,12,0,1,127930.0,0.0584650717251927,41980824.0
mobile_sam_lora,16,20110523_4,12,0,1,35510.5,0.2546332633716129,39553408.0
mobile_sam_lora,16,20110523_6,12,0,1,66436.5,0.1141879867003225,34325980.0
mobile_sam_lora,16,20110523_7,12,0,1,48928.0,0.1697028087106514,37928416.0
mobile_sam_lora,16,20110523_9,12,0,1,48560.5,0.1264361700043456,39665732.0
mobile_sam_lora,16,20110526_2,15,0,1,73811.0,0.1325575604403484,41951508.0
mobile_sam_lora,16,20110526_3,15,0,1,193806.0,0.1149244607712099,56886028.0
mobile_sam_lora,16,20110526_5,15,0,1,146012.5,0.1081459408674631,54829708.0
mobile_sam_lora,16,20110526_6,15,0,1,68810.0,0.171080788622464,45786300.0
mobile_sam_lora,16,20110526_7,15,0,1,103990.0,0.0987128460957002,48607540.0
mobile_sam_lora,16,20110526_8,15,0,1,218716.5,0.0806844022576515,54348664.0
mobile_sam_lora,16,20110530_4,19,0,1,15485.5,0.4325375658806674,22747090.0
mobile_sam_lora,16,20110530_5,19,0,1,22585.5,0.4112852056580375,23054618.0
mobile_sam_lora,16,20110530_6,19,0,1,21811.0,0.3260239988451054,26880418.0
mobile_sam_lora,16,20110530_7,19,0,1,16744.0,0.3001329245955683,27074826.0
mobile_sam_lora,16,20110530_8,19,0,1,30147.5,0.2117398553969179,27968436.0
mobile_sam_lora,16,20110530_9,19,0,1,14329.5,0.481037168270553,19480744.0
mobile_sam_lora,16,20110603_1,23,0,1,5655.0,0.480943412278087,8099690.5
mobile_sam_lora,16,20110603_10,23,0,1,23268.0,0.2661068810753628,21384620.0
mobile_sam_lora,16,20110603_3,23,0,1,14823.5,0.4107500702226525,21145060.0
mobile_sam_lora,16,20110603_5,23,0,1,15081.0,0.4179797210958646,25297754.0
mobile_sam_lora,16,20110603_6,23,0,1,16596.5,0.2998877185977506,22118210.0
mobile_sam_lora,16,20110603_9,23,0,1,10099.0,0.5161685326808279,17880586.0
mobile_sam_lora,16,20110607_1,27,0,1,14549.0,0.3889429097417085,12396674.0
mobile_sam_lora,16,20110607_2,27,0,1,10813.5,0.502203150640146,12651777.0
mobile_sam_lora,16,20110607_3,27,0,1,14010.0,0.333986182987295,12774960.0
mobile_sam_lora,16,20110607_4,27,0,1,11535.5,0.5320479726250996,12393803.0
mobile_sam_lora,16,20110607_7,27,0,1,18849.0,0.4019636489079968,22563018.0
mobile_sam_lora,16,20110607_9,27,0,1,11943.5,0.5412272506339031,18911532.0
mobile_sam_lora,16,20110610_1,30,0,1,42117.0,0.1429764120894743,32115690.0
mobile_sam_lora,16,20110610_10,30,0,1,19504.5,0.293692745434832,22437946.0
mobile_sam_lora,16,20110610_3,30,0,1,26664.0,0.1824593100483281,30091750.0
mobile_sam_lora,16,20110610_4,30,0,1,28659.0,0.2429652046054964,29927328.0
mobile_sam_lora,16,20110610_6,30,0,1,13693.0,0.3762381896156089,27845644.0
mobile_sam_lora,16,20110610_9,30,0,1,13393.5,0.2886986480062345,18433498.0
mobile_sam_lora,16,20110617_1,37,0,1,9057.5,0.5536652991730231,14584046.0
mobile_sam_lora,16,20110617_10,37,0,1,8620.0,0.5849351827919753,9970121.0
mobile_sam_lora,16,20110617_3,37,0,1,16336.0,0.4333131586108509,21789464.0
mobile_sam_lora,16,20110617_6,37,0,2,19625.5,0.2999825372073647,20889948.0
mobile_sam_lora,16,20110617_8,37,0,1,9214.0,0.5590355838698436,16249171.0
mobile_sam_lora,16,20110617_9,37,0,1,12985.0,0.5341607712180403,12066111.0
mobile_sam_lora,16,20110627_1,47,0,2,9843.5,0.465503930917664,19611902.0
mobile_sam_lora,16,20110627_10,47,0,2,8031.0,0.5977993128577371,19756106.0
mobile_sam_lora,16,20110627_3,47,0,3,7923.5,0.4640705586399415,23541322.0
mobile_sam_lora,16,20110627_4,47,0,2,6482.5,0.882590654692723,18824680.0
mobile_sam_lora,16,20110627_5,47,0,2,12653.5,0.5395664355277434,18064480.0
mobile_sam_lora,16,20110627_6,47,0,2,10858.0,0.3224524524463596,15969254.0
mobile_sam_lora,32,20110511_1,0,0,1,21985.0,0.2535993335918224,24750772.0
mobile_sam_lora,32,20110511_2,0,0,1,12665.0,0.5504102459684599,22201252.0
mobile_sam_lora,32,20110511_3,0,0,1,23507.0,0.2676247778230171,32549438.0
mobile_sam_lora,32,20110511_4,0,0,1,33110.0,0.1907128207650882,27784218.0
mobile_sam_lora,32,20110511_5,0,0,1,19379.0,0.3333867136542709,21843164.0
mobile_sam_lora,32,20110511_6,0,0,1,33908.0,0.3035451723047442,24817080.0
mobile_sam_lora,32,20110516_1,5,0,1,16120.5,0.4917163517376314,27604860.0
mobile_sam_lora,32,20110516_2,5,0,1,21371.0,0.3616122348402898,31431278.0
mobile_sam_lora,32,20110516_3,5,0,1,42644.0,0.1666601907466849,40737376.0
mobile_sam_lora,32,20110516_5,5,0,1,23096.0,0.224276847205303,33043082.0
mobile_sam_lora,32,20110516_6,5,0,1,48172.5,0.1607417546513678,27222070.0
mobile_sam_lora,32,20110516_7,5,0,1,22225.5,0.3372111925753056,37920916.0
mobile_sam_lora,32,20110519_1,8,0,1,83366.5,0.1532789670865341,36281860.0
mobile_sam_lora,32,20110519_10,8,0,1,53065.0,0.1427555237375316,35766192.0
mobile_sam_lora,32,20110519_4,8,0,1,27518.0,0.3206586369314528,31668236.0
mobile_sam_lora,32,20110519_5,8,0,1,54254.5,0.2440023429439349,25478538.0
mobile_sam_lora,32,20110519_7,8,0,1,55954.5,0.1573908832922814,33784424.0
mobile_sam_lora,32,20110519_8,8,0,1,65953.5,0.1720535859532556,28673328.0
mobile_sam_lora,32,20110523_2,12,0,1,63048.5,0.1492421986956595,35759644.0
mobile_sam_lora,32,20110523_3,12,0,1,217594.5,0.042224729796441,42766220.0
mobile_sam_lora,32,20110523_4,12,0,1,35631.5,0.2494349700911297,39696788.0
mobile_sam_lora,32,20110523_6,12,0,1,82591.0,0.1208985486039476,34866100.0
mobile_sam_lora,32,20110523_7,12,0,1,48935.0,0.1757633459585441,37244640.0
mobile_sam_lora,32,20110523_9,12,0,1,111986.0,0.0987599655680847,41567516.0
mobile_sam_lora,32,20110526_2,15,0,1,88870.0,0.1073633426292416,42039944.0
mobile_sam_lora,32,20110526_3,15,0,1,193550.5,0.1200475030095988,56588168.0
mobile_sam_lora,32,20110526_5,15,0,1,222688.0,0.0865138018620036,57200108.0
mobile_sam_lora,32,20110526_6,15,0,1,186996.0,0.1424981831053758,48711572.0
mobile_sam_lora,32,20110526_7,15,0,1,112112.0,0.107312301494726,48376820.0
mobile_sam_lora,32,20110526_8,15,0,1,258105.0,0.0636583784923622,55331408.0
mobile_sam_lora,32,20110530_4,19,0,1,15322.5,0.4259526849649078,23089240.0
mobile_sam_lora,32,20110530_5,19,0,1,22310.0,0.4061700234845754,23383094.0
mobile_sam_lora,32,20110530_6,19,0,1,21528.0,0.3328182718664381,26539040.0
mobile_sam_lora,32,20110530_7,19,0,1,18725.5,0.2764206013757632,27216224.0
mobile_sam_lora,32,20110530_8,19,0,1,31962.0,0.2379659156439211,29627152.0
mobile_sam_lora,32,20110530_9,19,0,1,14668.5,0.4926461677431406,19866078.0
mobile_sam_lora,32,20110603_1,23,0,1,5347.5,0.4421118427757426,8243812.0
mobile_sam_lora,32,20110603_10,23,0,1,23906.5,0.2807295982395423,21431726.0
mobile_sam_lora,32,20110603_3,23,0,1,15050.5,0.418494956138456,20949470.0
mobile_sam_lora,32,20110603_5,23,0,1,14046.0,0.3692866513078152,25063042.0
mobile_sam_lora,32,20110603_6,23,0,1,16578.0,0.3140033529516227,22663182.0
mobile_sam_lora,32,20110603_9,23,0,1,10477.0,0.5244907563832066,18292242.0
mobile_sam_lora,32,20110607_1,27,0,1,19338.5,0.26665231198043,12651771.0
mobile_sam_lora,32,20110607_2,27,0,1,11124.5,0.5180126659413845,12748125.0
mobile_sam_lora,32,20110607_3,27,0,1,14249.0,0.3306969850996779,12970118.0
mobile_sam_lora,32,20110607_4,27,0,1,15269.5,0.3747141292881419,12485551.0
mobile_sam_lora,32,20110607_7,27,0,1,18616.5,0.4064048674009158,22113246.0
mobile_sam_lora,32,20110607_9,27,0,1,11981.0,0.5761628806449329,18818442.0
mobile_sam_lora,32,20110610_1,30,0,1,43224.5,0.1571548693962869,32922232.0
mobile_sam_lora,32,20110610_10,30,0,1,20596.5,0.3571800006438271,22604590.0
mobile_sam_lora,32,20110610_3,30,0,1,28180.5,0.2132145478807287,31261952.0
mobile_sam_lora,32,20110610_4,30,0,1,36474.0,0.202568003855055,30299070.0
mobile_sam_lora,32,20110610_6,30,0,1,14303.0,0.4152180959308936,27609878.0
mobile_sam_lora,32,20110610_9,30,0,1,13584.0,0.2655942226966073,18579024.0
mobile_sam_lora,32,20110617_1,37,0,1,9596.0,0.5360942721358871,14427585.0
mobile_sam_lora,32,20110617_10,37,0,1,8271.0,0.5634199452370598,9715514.0
mobile_sam_lora,32,20110617_3,37,0,1,16424.0,0.4660491002650452,21243924.0
mobile_sam_lora,32,20110617_6,37,0,1,20349.0,0.3435450230555427,20757150.0
mobile_sam_lora,32,20110617_8,37,0,1,9109.0,0.5705034673222146,15378009.0
mobile_sam_lora,32,20110617_9,37,0,1,12850.5,0.4837460695058827,11760600.0
mobile_sam_lora,32,20110627_1,47,0,1,13152.5,0.3025040167528688,18652396.0
mobile_sam_lora,32,20110627_10,47,0,1,9498.5,0.4356624887305005,20430016.0
mobile_sam_lora,32,20110627_3,47,0,3,13762.0,0.2589019541557019,23145208.0
mobile_sam_lora,32,20110627_4,47,0,1,11223.5,0.2932947335416039,18092266.0
mobile_sam_lora,32,20110627_5,47,0,1,12893.0,0.5732149672937465,17379612.0
mobile_sam_lora,32,20110627_6,47,0,1,6588.0,0.8295564810903515,15909782.0
mobilenet_unet_lora,2,20110511_1,0,0,1,1258.0,0.197955663916731,1523290.0
mobilenet_unet_lora,2,20110511_2,0,0,1,736.5,0.5118521022641601,1380735.0
mobilenet_unet_lora,2,20110511_3,0,0,1,1029.0,0.2763614374852008,2000784.0
mobilenet_unet_lora,2,20110511_4,0,0,1,1045.5,0.2347919691019103,1730753.0
mobilenet_unet_lora,2,20110511_5,0,0,1,500.0,0.537852260332009,1316197.0
mobilenet_unet_lora,2,20110511_6,0,0,1,1189.5,0.2047280831987492,1535193.0
mobilenet_unet_lora,2,20110516_1,5,0,1,967.0,0.433957006981675,1723836.0
mobilenet_unet_lora,2,20110516_2,5,0,1,1217.5,0.2526827306481846,1971865.0
mobilenet_unet_lora,2,20110516_3,5,0,1,1497.0,0.2593200530376849,2533849.0
mobilenet_unet_lora,2,20110516_5,5,0,1,1122.0,0.3620602660177067,2055351.0
mobilenet_unet_lora,2,20110516_6,5,0,1,1025.5,0.3617103977747492,1682076.0
mobilenet_unet_lora,2,20110516_7,5,0,1,1254.5,0.2551810760661052,2352866.0
mobilenet_unet_lora,2,20110519_1,8,0,1,2741.5,0.2003054322616861,2221998.0
mobilenet_unet_lora,2,20110519_10,8,0,1,2506.0,0.1526956491207375,2204678.0
mobilenet_unet_lora,2,20110519_4,8,0,1,1627.5,0.2696913037628463,1937522.0
mobilenet_unet_lora,2,20110519_5,8,0,1,3163.5,0.1635611611387013,1577881.0
mobilenet_unet_lora,2,20110519_7,8,0,1,2605.0,0.1126005767561822,2055606.0
mobilenet_unet_lora,2,20110519_8,8,0,1,3822.5,0.1223097501584886,1789590.0
mobilenet_unet_lora,2,20110523_2,12,0,1,2681.5,0.1075389722989705,2194454.0
mobilenet_unet_lora,2,20110523_3,12,0,1,4590.5,0.1027966535276702,2550340.0
mobilenet_unet_lora,2,20110523_4,12,0,1,2053.0,0.1877627513543363,2451892.0
mobilenet_unet_lora,2,20110523_6,12,0,1,2270.5,0.315983441645414,2129894.0
mobilenet_unet_lora,2,20110523_7,12,0,1,2128.5,0.1492015667723588,2266836.0
mobilenet_unet_lora,2,20110523_9,12,0,1,2421.0,0.1361207153859829,2533487.0
mobilenet_unet_lora,2,20110526_2,15,0,1,3540.5,0.1225225742233502,2589919.0
mobilenet_unet_lora,2,20110526_3,15,0,1,10733.0,0.0555874973216684,3493154.0
mobilenet_unet_lora,2,20110526_5,15,0,1,7530.0,0.098485172340775,3467641.0
mobilenet_unet_lora,2,20110526_6,15,0,1,3938.0,0.0987916927990355,2952410.0
mobilenet_unet_lora,2,20110526_7,15,0,1,3731.0,0.1217175534503657,2939037.0
mobilenet_unet_lora,2,20110526_8,15,0,1,10590.5,0.0485294120220737,3385293.0
mobilenet_unet_lora,2,20110530_4,19,0,1,893.5,0.3895134323901684,1401079.0
mobilenet_unet_lora,2,20110530_5,19,0,1,1340.5,0.3775150612856014,1407155.0
mobilenet_unet_lora,2,20110530_6,19,0,1,1190.5,0.2628909904760813,1596557.0
mobilenet_unet_lora,2,20110530_7,19,0,1,984.5,0.2670480134172717,1650273.0
mobilenet_unet_lora,2,20110530_8,19,0,1,1481.0,0.2920192285338388,1812099.0
mobilenet_unet_lora,2,20110530_9,19,0,1,841.0,0.3749698068761531,1197638.0
mobilenet_unet_lora,2,20110603_1,23,0,1,213.5,0.4172869962230471,426570.0
mobilenet_unet_lora,2,20110603_10,23,0,1,1432.5,0.2490755187073409,1311066.0
mobilenet_unet_lora,2,20110603_3,23,0,1,830.5,0.31014733517053,1257532.0
mobilenet_unet_lora,2,20110603_5,23,0,1,696.0,0.5002526001014583,1546207.0
mobilenet_unet_lora,2,20110603_6,23,0,1,689.0,0.4722926683164713,1367505.0
mobilenet_unet_lora,2,20110603_9,23,0,1,598.0,0.3740464090940043,1128694.0
mobilenet_unet_lora,2,20110607_1,27,0,1,856.5,0.3281875790566141,738124.0
mobilenet_unet_lora,2,20110607_2,27,0,1,542.5,0.4644422742900945,737321.0
mobilenet_unet_lora,2,20110607_3,27,0,1,777.0,0.5172215136231908,791928.0
mobilenet_unet_lora,2,20110607_4,27,0,1,651.0,0.4083550877050529,769443.0
mobilenet_unet_lora,2,20110607_7,27,0,1,1119.0,0.3412475120510189,1382906.0
mobilenet_unet_lora,2,20110607_9,27,0,1,697.0,0.4886485795857027,1075797.0
mobilenet_unet_lora,2,20110610_1,30,0,1,771.0,0.3565098411131663,1880451.0
mobilenet_unet_lora,2,20110610_10,30,0,1,762.5,0.5032688941401188,1394849.0
mobilenet_unet_lora,2,20110610_3,30,0,1,1235.5,0.1794390859262687,1896172.0
mobilenet_unet_lora,2,20110610_4,30,0,1,1220.5,0.3087089129800674,1795081.0
mobilenet_unet_lora,2,20110610_6,30,0,1,837.0,0.33682920651108,1632393.0
mobilenet_unet_lora,2,20110610_9,30,0,1,614.5,0.4248933351374825,1013273.0
mobilenet_unet_lora,2,20110617_1,37,0,1,377.5,0.8540839839541371,785137.0
mobilenet_unet_lora,2,20110617_10,37,0,1,482.5,0.4706898042208238,540395.0
mobilenet_unet_lora,2,20110617_3,37,0,1,750.5,0.5189299398221003,1222938.0
mobilenet_unet_lora,2,20110617_6,37,0,1,709.5,0.5472570114867495,1176888.0
mobilenet_unet_lora,2,20110617_8,37,0,1,539.0,0.5267393230422593,736692.0
mobilenet_unet_lora,2,20110617_9,37,0,1,569.0,0.3853061802848466,676234.0
mobilenet_unet_lora,2,20110627_1,47,0,1,584.5,0.5351526837901605,1085107.0
mobilenet_unet_lora,2,20110627_10,47,0,1,360.5,0.8418828915663494,1077583.0
mobilenet_unet_lora,2,20110627_3,47,0,3,580.0,0.3105583752188863,1235696.0
mobilenet_unet_lora,2,20110627_4,47,0,3,619.5,0.2914351393383442,961674.0
mobilenet_unet_lora,2,20110627_5,47,0,1,754.5,0.4781837561849792,911903.0
mobilenet_unet_lora,2,20110627_6,47,0,3,395.5,0.8486487647080599,894255.0
mobilenet_unet_lora,4,20110511_1,0,0,1,1108.0,0.2758860958400613,1547960.0
mobilenet_unet_lora,4,20110511_2,0,0,1,743.5,0.481515928416412,1389157.0
mobilenet_unet_lora,4,20110511_3,0,0,1,964.0,0.2827270812574201,2029835.0
mobilenet_unet_lora,4,20110511_4,0,0,1,1084.0,0.2545334372336623,1758876.0
mobilenet_unet_lora,4,20110511_5,0,0,1,526.0,0.5607736565980224,1337727.0
mobilenet_unet_lora,4,20110511_6,0,0,1,1568.5,0.161527092073386,1565546.0
mobilenet_unet_lora,4,20110516_1,5,0,1,978.0,0.4328117895297729,1736376.0
mobilenet_unet_lora,4,20110516_2,5,0,1,1010.5,0.2416431679833297,1977310.0
mobilenet_unet_lora,4,20110516_3,5,0,1,1479.5,0.2167217865756459,2542553.0
mobilenet_unet_lora,4,20110516_5,5,0,1,1129.0,0.3248121255980414,2081891.0
mobilenet_unet_lora,4,20110516_6,5,0,1,1014.0,0.3528817074983231,1685590.0
mobilenet_unet_lora,4,20110516_7,5,0,1,939.5,0.3325849696223655,2369627.0
mobilenet_unet_lora,4,20110519_1,8,0,1,2884.5,0.2531052497130308,2242173.0
mobilenet_unet_lora,4,20110519_10,8,0,1,2113.5,0.18126800137266,2215846.0
mobilenet_unet_lora,4,20110519_4,8,0,1,1581.5,0.2112857025249964,1955319.0
mobilenet_unet_lora,4,20110519_5,8,0,1,2088.5,0.1876814276196679,1581918.0
mobilenet_unet_lora,4,20110519_7,8,0,1,2733.0,0.1225471386599144,2078984.0
mobilenet_unet_lora,4,20110519_8,8,0,1,3417.0,0.1130505161632867,1789289.0
mobilenet_unet_lora,4,20110523_2,12,0,1,2219.0,0.1389410993019907,2197116.0
mobilenet_unet_lora,4,20110523_3,12,0,1,3295.0,0.1563852818257025,2572478.0
mobilenet_unet_lora,4,20110523_4,12,0,1,2024.0,0.1726244677365682,2425832.0
mobilenet_unet_lora,4,20110523_6,12,0,1,1996.0,0.161536417909748,2131746.0
mobilenet_unet_lora,4,20110523_7,12,0,1,1278.5,0.2723174311693312,2277518.0
mobilenet_unet_lora,4,20110523_9,12,0,1,2540.0,0.1802412953611764,2563116.0
mobilenet_unet_lora,4,20110526_2,15,0,1,3595.5,0.130909779140348,2597480.0
mobilenet_unet_lora,4,20110526_3,15,0,1,3457.5,0.1414026486826521,3423076.0
mobilenet_unet_lora,4,20110526_5,15,0,1,3516.5,0.1552645123578063,3458117.0
mobilenet_unet_lora,4,20110526_6,15,0,1,2087.5,0.307644678059405,2991219.0
mobilenet_unet_lora,4,20110526_7,15,0,1,2489.0,0.1609590819677052,2937204.0
mobilenet_unet_lora,4,20110526_8,15,0,1,9624.5,0.0446076743518019,3347630.0
mobilenet_unet_lora,4,20110530_4,19,0,1,886.5,0.3557715265779242,1419181.0
mobilenet_unet_lora,4,20110530_5,19,0,1,1315.5,0.288486832959775,1471611.0
mobilenet_unet_lora,4,20110530_6,19,0,1,889.0,0.3811751789795597,1615572.0
mobilenet_unet_lora,4,20110530_7,19,0,1,812.0,0.3870504000939382,1680697.0
mobilenet_unet_lora,4,20110530_8,19,0,1,1856.0,0.1880319119318164,1821657.0
mobilenet_unet_lora,4,20110530_9,19,0,1,825.0,0.3557479822729319,1203560.0
mobilenet_unet_lora,4,20110603_1,23,0,1,187.5,0.8320938946621872,423602.0
mobilenet_unet_lora,4,20110603_10,23,0,1,1083.0,0.2774395651812466,1320967.0
mobilenet_unet_lora,4,20110603_3,23,0,1,862.0,0.3239767494467493,1262838.0
mobilenet_unet_lora,4,20110603_5,23,0,1,688.5,0.4844438156342819,1538442.0
mobilenet_unet_lora,4,20110603_6,23,0,1,676.0,0.4056536704575899,1362656.0
mobilenet_unet_lora,4,20110603_9,23,0,1,606.0,0.3946434648145254,1137035.0
mobilenet_unet_lora,4,20110607_1,27,0,1,836.5,0.2961227529377381,770426.0
mobilenet_unet_lora,4,20110607_2,27,0,1,547.5,0.4561610152313599,768768.0
mobilenet_unet_lora,4,20110607_3,27,0,1,760.0,0.4998592945486355,789900.0
mobilenet_unet_lora,4,20110607_4,27,0,1,656.0,0.4656493388939989,747182.0
mobilenet_unet_lora,4,20110607_7,27,0,1,682.0,0.4963906013187736,1378212.0
mobilenet_unet_lora,4,20110607_9,27,0,1,690.0,0.4431326384335028,1057533.0
mobilenet_unet_lora,4,20110610_1,30,0,1,829.0,0.3330737876063186,1960232.0
mobilenet_unet_lora,4,20110610_10,30,0,1,760.0,0.4560603410704721,1393518.0
mobilenet_unet_lora,4,20110610_3,30,0,1,1293.0,0.1717666445793018,1879440.0
mobilenet_unet_lora,4,20110610_4,30,0,1,1199.5,0.285628574658711,1802032.0
mobilenet_unet_lora,4,20110610_6,30,0,1,829.5,0.3328961986503397,1664260.0
mobilenet_unet_lora,4,20110610_9,30,0,1,511.5,0.5562358612389704,1091170.0
mobilenet_unet_lora,4,20110617_1,37,0,1,517.5,0.423055802448917,872936.0
mobilenet_unet_lora,4,20110617_10,37,0,1,485.5,0.4508647163499798,553767.0
mobilenet_unet_lora,4,20110617_3,37,0,1,929.0,0.3356007230117452,1323362.0
mobilenet_unet_lora,4,20110617_6,37,0,1,667.5,0.5216101477821306,1265338.0
mobilenet_unet_lora,4,20110617_8,37,0,1,530.5,0.4480210071532118,860182.0
mobilenet_unet_lora,4,20110617_9,37,0,1,445.5,0.8288682448749837,725226.0
mobilenet_unet_lora,4,20110627_1,47,0,1,540.5,0.4169026258647672,1185103.0
mobilenet_unet_lora,4,20110627_10,47,0,1,397.5,0.3877703568451346,1142044.0
mobilenet_unet_lora,4,20110627_3,47,0,3,566.0,0.2748963552540123,1370928.0
mobilenet_unet_lora,4,20110627_4,47,0,1,360.5,0.8612252751899249,1077968.0
mobilenet_unet_lora,4,20110627_5,47,0,1,777.5,0.5045646562510576,1002268.0
mobilenet_unet_lora,4,20110627_6,47,0,1,381.0,0.8757148926338143,996938.0
mobilenet_unet_lora,8,20110511_1,0,0,1,1126.5,0.2729780739411527,1550287.0
mobilenet_unet_lora,8,20110511_2,0,0,1,735.0,0.4157296173393566,1391392.0
mobilenet_unet_lora,8,20110511_3,0,0,1,1050.5,0.292198783574339,2041067.0
mobilenet_unet_lora,8,20110511_4,0,0,1,1710.0,0.1944934896086557,1757813.0
mobilenet_unet_lora,8,20110511_5,0,0,1,495.0,0.5088056204371229,1338772.0
mobilenet_unet_lora,8,20110511_6,0,0,1,1863.5,0.1438992825316332,1566320.0
mobilenet_unet_lora,8,20110516_1,5,0,1,987.0,0.4455125636424559,1742969.0
mobilenet_unet_lora,8,20110516_2,5,0,1,1225.0,0.2803943693935508,1979908.0
mobilenet_unet_lora,8,20110516_3,5,0,1,1485.0,0.2369194136770772,2557454.0
mobilenet_unet_lora,8,20110516_5,5,0,1,1119.0,0.3440499338658513,2071608.0
mobilenet_unet_lora,8,20110516_6,5,0,1,1255.0,0.2449017333449733,1687437.0
mobilenet_unet_lora,8,20110516_7,5,0,1,1310.0,0.2731795095267584,2387915.0
mobilenet_unet_lora,8,20110519_1,8,0,1,3147.5,0.1035904810415589,2250388.0
mobilenet_unet_lora,8,20110519_10,8,0,1,2495.5,0.1530073402917582,2225274.0
mobilenet_unet_lora,8,20110519_4,8,0,1,1632.0,0.2755881828763377,1956412.0
mobilenet_unet_lora,8,20110519_5,8,0,1,3083.0,0.1339845863453319,1587466.0
mobilenet_unet_lora,8,20110519_7,8,0,1,2678.0,0.1094505687599869,2076886.0
mobilenet_unet_lora,8,20110519_8,8,0,1,3885.0,0.1223769952390647,1796542.0
mobilenet_unet_lora,8,20110523_2,12,0,1,2398.5,0.13339246569424,2198370.0
mobilenet_unet_lora,8,20110523_3,12,0,1,4614.0,0.1056347587514521,2596069.0
mobilenet_unet_lora,8,20110523_4,12,0,1,2031.0,0.1869304521303594,2465425.0
mobilenet_unet_lora,8,20110523_6,12,0,1,2214.5,0.2978495737815448,2145505.0
mobilenet_unet_lora,8,20110523_7,12,0,1,1830.0,0.2196554266815998,2299368.0
mobilenet_unet_lora,8,20110523_9,12,0,1,2082.0,0.199441488892406,2577258.0
mobilenet_unet_lora,8,20110526_2,15,0,1,3557.0,0.1207747375059553,2607735.0
mobilenet_unet_lora,8,20110526_3,15,0,1,9061.0,0.0866433185472453,3514432.0
mobilenet_unet_lora,8,20110526_5,15,0,1,4054.5,0.2921564922626158,3496000.0
mobilenet_unet_lora,8,20110526_6,15,0,1,3607.0,0.1186203621912559,2996681.0
mobilenet_unet_lora,8,20110526_7,15,0,1,2751.0,0.1539111862598333,2970364.0
mobilenet_unet_lora,8,20110526_8,15,0,1,9078.0,0.0583008418888417,3413559.0
mobilenet_unet_lora,8,20110530_4,19,0,1,909.0,0.3935501561181765,1424875.0
mobilenet_unet_lora,8,20110530_5,19,0,1,1352.0,0.3798805122525715,1460531.0
mobilenet_unet_lora,8,20110530_6,19,0,1,884.0,0.3537972944832928,1640340.0
mobilenet_unet_lora,8,20110530_7,19,0,1,967.5,0.2447159961558502,1699618.0
mobilenet_unet_lora,8,20110530_8,19,0,1,1860.0,0.1902227191943491,1840107.0
mobilenet_unet_lora,8,20110530_9,19,0,1,856.5,0.3770542017583674,1201860.0
mobilenet_unet_lora,8,20110603_1,23,0,1,180.5,0.8648149606725252,461369.0
mobilenet_unet_lora,8,20110603_10,23,0,1,1106.5,0.3077753019993688,1352333.0
mobilenet_unet_lora,8,20110603_3,23,0,1,792.5,0.3638609519614485,1289852.0
mobilenet_unet_lora,8,20110603_5,23,0,1,691.5,0.4951991057047064,1545937.0
mobilenet_unet_lora,8,20110603_6,23,0,1,670.0,0.4134012021965776,1373112.0
mobilenet_unet_lora,8,20110603_9,23,0,1,604.0,0.3886911157555661,1145597.0
mobilenet_unet_lora,8,20110607_1,27,0,1,536.0,0.5131494732380635,774902.0
mobilenet_unet_lora,8,20110607_2,27,0,1,555.5,0.4691341545469839,804557.0
mobilenet_unet_lora,8,20110607_3,27,0,1,807.5,0.2428575915898685,822381.0
mobilenet_unet_lora,8,20110607_4,27,0,1,672.0,0.5136071276738037,774755.0
mobilenet_unet_lora,8,20110607_7,27,0,1,673.0,0.5143714249511542,1403175.0
mobilenet_unet_lora,8,20110607_9,27,0,1,696.5,0.4900727906831551,1108859.0
mobilenet_unet_lora,8,20110610_1,30,0,1,831.5,0.3459902127217455,2004316.0
mobilenet_unet_lora,8,20110610_10,30,0,1,753.0,0.4812286701610421,1404443.0
mobilenet_unet_lora,8,20110610_3,30,0,1,1264.0,0.1840595333197661,1919605.0
mobilenet_unet_lora,8,20110610_4,30,0,1,1204.5,0.3046619310755465,1851791.0
mobilenet_unet_lora,8,20110610_6,30,0,1,763.0,0.5192887867946253,1719506.0
mobilenet_unet_lora,8,20110610_9,30,0,1,511.5,0.5477607199998733,1150948.0
mobilenet_unet_lora,8,20110617_1,37,0,1,520.0,0.4291451670482792,902157.0
mobilenet_unet_lora,8,20110617_10,37,0,1,477.5,0.4010018664404988,614772.0
mobilenet_unet_lora,8,20110617_3,37,0,1,956.0,0.3560722712006283,1329075.0
mobilenet_unet_lora,8,20110617_6,37,0,1,707.5,0.529006348736789,1275049.0
mobilenet_unet_lora,8,20110617_8,37,0,1,542.0,0.494191633281339,944809.0
mobilenet_unet_lora,8,20110617_9,37,0,1,561.5,0.4198403727535728,735650.0
mobilenet_unet_lora,8,20110627_1,47,0,1,568.0,0.471376556959259,1196869.0
mobilenet_unet_lora,8,20110627_10,47,0,1,373.5,0.8265562648900096,1239641.0
mobilenet_unet_lora,8,20110627_3,47,0,1,398.5,0.8368692488628046,1429244.0
mobilenet_unet_lora,8,20110627_4,47,0,1,532.5,0.4107320072741765,1108864.0
mobilenet_unet_lora,8,20110627_5,47,0,1,770.5,0.5060291006937335,1096527.0
mobilenet_unet_lora,8,20110627_6,47,0,1,387.0,0.8251688366346724,1004533.0
mobilenet_unet_lora,16,20110511_1,0,0,3,1279.5,0.1905695273627018,1593006.0
mobilenet_unet_lora,16,20110511_2,0,0,3,678.0,0.3556874214004497,1395889.0
mobilenet_unet_lora,16,20110511_3,0,0,3,1055.0,0.2620826527881928,2031271.0
mobilenet_unet_lora,16,20110511_4,0,0,3,2901.0,0.0911559398619154,1810789.0
mobilenet_unet_lora,16,20110511_5,0,0,3,1156.5,0.2448272264361596,1364765.0
mobilenet_unet_lora,16,20110511_6,0,0,3,2016.5,0.1848323627017419,1592980.0
mobilenet_unet_lora,16,20110516_1,5,0,3,959.5,0.3491190548787339,1744474.0
mobilenet_unet_lora,16,20110516_2,5,0,3,1211.0,0.2417197993318988,1983669.0
mobilenet_unet_lora,16,20110516_3,5,0,3,1651.5,0.1732298699973045,2515665.0
mobilenet_unet_lora,16,20110516_5,5,0,3,1080.0,0.315954310820136,2066283.0
mobilenet_unet_lora,16,20110516_6,5,0,3,1542.5,0.1917735628225252,1720363.0
mobilenet_unet_lora,16,20110516_7,5,0,3,1231.0,0.2223901441391071,2383848.0
mobilenet_unet_lora,16,20110519_1,8,0,3,4572.5,0.1040111144779799,2217800.0
mobilenet_unet_lora,16,20110519_10,8,0,3,2726.0,0.1107689359026447,2215471.0
mobilenet_unet_lora,16,20110519_4,8,0,3,1478.5,0.2277164120694208,1945337.0
mobilenet_unet_lora,16,20110519_5,8,0,3,3378.0,0.1388416167816416,1581380.0
mobilenet_unet_lora,16,20110519_7,8,0,3,1910.5,0.1927180396833347,2010746.0
mobilenet_unet_lora,16,20110519_8,8,0,3,2901.5,0.1581151136262432,1783054.0
mobilenet_unet_lora,16,20110523_2,12,0,3,3105.0,0.0867300206701527,2158224.0
mobilenet_unet_lora,16,20110523_3,12,0,3,8693.0,0.0379197659537041,2535859.0
mobilenet_unet_lora,16,20110523_4,12,0,3,2011.0,0.1671288581952081,2454097.0
mobilenet_unet_lora,16,20110523_6,12,0,3,4046.0,0.0953964019417104,2097808.0
mobilenet_unet_lora,16,20110523_7,12,0,3,1808.5,0.1632632602837962,2246647.0
mobilenet_unet_lora,16,20110523_9,12,0,3,2616.5,0.1140047298151497,2493119.0
mobilenet_unet_lora,16,20110526_2,15,0,3,2959.0,0.0908645522117338,2450341.0
mobilenet_unet_lora,16,20110526_3,15,0,3,7200.0,0.0502676200829585,3242695.0
mobilenet_unet_lora,16,20110526_5,15,0,3,2446.0,0.0731898631006952,3082079.0
mobilenet_unet_lora,16,20110526_6,15,0,3,1916.5,0.1753412176786839,2832698.0
mobilenet_unet_lora,16,20110526_7,15,0,3,2392.0,0.1264165132303767,2772138.0
mobilenet_unet_lora,16,20110526_8,15,0,3,5769.0,0.0676246610736918,3169529.0
mobilenet_unet_lora,16,20110530_4,19,0,3,883.0,0.3440073143345427,1443164.0
mobilenet_unet_lora,16,20110530_5,19,0,3,1333.5,0.3051843740036039,1478658.0
mobilenet_unet_lora,16,20110530_6,19,0,3,902.5,0.3539091985183631,1680174.0
mobilenet_unet_lora,16,20110530_7,19,0,3,1111.0,0.2290027133541112,1726411.0
mobilenet_unet_lora,16,20110530_8,19,0,3,1761.0,0.1483952438301445,1838348.0
mobilenet_unet_lora,16,20110530_9,19,0,3,821.5,0.3515783742489198,1248076.0
mobilenet_unet_lora,16,20110603_1,23,0,3,345.0,0.4456907737712436,569460.0
mobilenet_unet_lora,16,20110603_10,23,0,3,1358.0,0.1785015607385635,1412362.0
mobilenet_unet_lora,16,20110603_3,23,0,3,851.5,0.3114471197086178,1335673.0
mobilenet_unet_lora,16,20110603_5,23,0,3,823.5,0.2490531308761425,1549742.0
mobilenet_unet_lora,16,20110603_6,23,0,3,891.5,0.3163493180722799,1395634.0
mobilenet_unet_lora,16,20110603_9,23,0,3,577.5,0.3326670411657759,1152524.0
mobilenet_unet_lora,16,20110607_1,27,0,3,900.0,0.2792284950291923,822179.0
mobilenet_unet_lora,16,20110607_2,27,0,3,676.0,0.3988422715092016,856409.0
mobilenet_unet_lora,16,20110607_3,27,0,3,808.5,0.2523068914980769,856840.0
mobilenet_unet_lora,16,20110607_4,27,0,3,874.0,0.2536570917965944,810209.0
mobilenet_unet_lora,16,20110607_7,27,0,3,1084.0,0.2580866141053144,1413652.0
mobilenet_unet_lora,16,20110607_9,27,0,3,690.5,0.3689569957063449,1209007.0
mobilenet_unet_lora,16,20110610_1,30,0,3,973.5,0.2151223180536345,2002982.0
mobilenet_unet_lora,16,20110610_10,30,0,3,739.5,0.4038178937654679,1411890.0
mobilenet_unet_lora,16,20110610_3,30,0,3,1744.0,0.1203952010980001,1903099.0
mobilenet_unet_lora,16,20110610_4,30,0,3,1170.5,0.2470944665596871,1874968.0
mobilenet_unet_lora,16,20110610_6,30,0,3,785.0,0.3216949496302811,1762893.0
mobilenet_unet_lora,16,20110610_9,30,0,3,791.5,0.2118688151891831,1203165.0
mobilenet_unet_lora,16,20110617_1,37,0,3,1123.5,0.2018536280491336,937562.0
mobilenet_unet_lora,16,20110617_10,37,0,3,497.5,0.4642750087442682,643625.0
mobilenet_unet_lora,16,20110617_3,37,0,3,929.0,0.2975294962242767,1359794.0
mobilenet_unet_lora,16,20110617_6,37,0,3,634.5,0.4330035898039367,1314245.0
mobilenet_unet_lora,16,20110617_8,37,0,3,537.5,0.4499097039774996,1037034.0
mobilenet_unet_lora,16,20110617_9,37,0,3,714.0,0.337234916433224,767526.0
mobilenet_unet_lora,16,20110627_1,47,0,3,705.5,0.2036061153077142,1245048.0
mobilenet_unet_lora,16,20110627_10,47,0,3,501.5,0.2347673174616208,1319431.0
mobilenet_unet_lora,16,20110627_3,47,0,3,637.5,0.2078427380598737,1500778.0
mobilenet_unet_lora,16,20110627_4,47,0,3,558.5,0.4303893899535941,1216507.0
mobilenet_unet_lora,16,20110627_5,47,0,3,802.5,0.2212429413902696,1157015.0
mobilenet_unet_lora,16,20110627_6,47,0,3,828.0,0.2000107674322173,1049346.0
mobilenet_unet_lora,32,20110511_1,0,0,3,1501.0,0.3040913957329099,1661542.0
mobilenet_unet_lora,32,20110511_2,0,0,3,1009.5,0.2465967016979003,1451136.0
mobilenet_unet_lora,32,20110511_3,0,0,3,1894.5,0.2038012057470225,2113505.0
mobilenet_unet_lora,32,20110511_4,0,0,3,3674.0,0.1509301216058141,1890479.0
mobilenet_unet_lora,32,20110511_5,0,0,3,1218.5,0.2719273349268765,1428765.0
mobilenet_unet_lora,32,20110511_6,0,0,3,2645.0,0.2250480258361825,1672156.0
mobilenet_unet_lora,32,20110516_1,5,0,3,1065.0,0.4259545874555107,1809197.0
mobilenet_unet_lora,32,20110516_2,5,0,3,1549.5,0.2230832561952722,2072819.0
mobilenet_unet_lora,32,20110516_3,5,0,3,3178.0,0.121892440829341,2634253.0
mobilenet_unet_lora,32,20110516_5,5,0,3,2132.5,0.1052067483691887,2155303.0
mobilenet_unet_lora,32,20110516_6,5,0,3,3182.0,0.1525908604535936,1833350.0
mobilenet_unet_lora,32,20110516_7,5,0,3,1643.0,0.2306407187763026,2475087.0
mobilenet_unet_lora,32,20110519_1,8,0,3,4891.0,0.1137213623852907,2272645.0
mobilenet_unet_lora,32,20110519_10,8,0,3,3958.5,0.0909020733609005,2287308.0
mobilenet_unet_lora,32,20110519_4,8,0,3,3409.0,0.1018524071499165,2038039.0
mobilenet_unet_lora,32,20110519_5,8,0,3,3616.5,0.177835497622657,1626620.0
mobilenet_unet_lora,32,20110519_7,8,0,3,3349.5,0.1203191364736206,2104061.0
mobilenet_unet_lora,32,20110519_8,8,0,3,4000.0,0.1223284856919969,1847363.0
mobilenet_unet_lora,32,20110523_2,12,0,3,3689.0,0.1062497940612084,2257488.0
mobilenet_unet_lora,32,20110523_3,12,0,3,13082.5,0.0292325282235755,2691840.0
mobilenet_unet_lora,32,20110523_4,12,0,3,2192.0,0.2045173905482279,2547831.0
mobilenet_unet_lora,32,20110523_6,12,0,3,4900.5,0.0936937933154381,2242346.0
mobilenet_unet_lora,32,20110523_7,12,0,3,2891.5,0.1369799216073683,2364602.0
mobilenet_unet_lora,32,20110523_9,12,0,3,3617.0,0.114076555283737,2621440.0
mobilenet_unet_lora,32,20110526_2,15,0,3,4492.0,0.124674601656552,2589015.0
mobilenet_unet_lora,32,20110526_3,15,0,3,18886.5,0.0390294071226785,3411390.0
mobilenet_unet_lora,32,20110526_5,15,0,3,8609.5,0.0954946040885639,3407279.0
mobilenet_unet_lora,32,20110526_6,15,0,3,10111.0,0.0539281234470371,3013425.0
mobilenet_unet_lora,32,20110526_7,15,0,3,6155.5,0.0831830112403898,2988330.0
mobilenet_unet_lora,32,20110526_8,15,0,3,11260.5,0.0460072693790354,3346727.0
mobilenet_unet_lora,32,20110530_4,19,0,3,890.0,0.3559620496107085,1533160.0
mobilenet_unet_lora,32,20110530_5,19,0,3,1467.5,0.3522357920226547,1589075.0
mobilenet_unet_lora,32,20110530_6,19,0,3,1290.5,0.239033626936454,1767943.0
mobilenet_unet_lora,32,20110530_7,19,0,3,1728.0,0.2169550640259758,1833217.0
mobilenet_unet_lora,32,20110530_8,19,0,3,1998.5,0.2518488528997631,1952308.0
mobilenet_unet_lora,32,20110530_9,19,0,3,820.0,0.3689816898656829,1314407.0
mobilenet_unet_lora,32,20110603_1,23,0,3,373.0,0.4214804117946921,539885.0
mobilenet_unet_lora,32,20110603_10,23,0,3,1489.5,0.2419750883276439,1515020.0
mobilenet_unet_lora,32,20110603_3,23,0,3,1752.0,0.2320458292953524,1459547.0
mobilenet_unet_lora,32,20110603_5,23,0,3,885.5,0.3453677233523122,1658679.0
mobilenet_unet_lora,32,20110603_6,23,0,3,1286.0,0.1815297089824573,1505891.0
mobilenet_unet_lora,32,20110603_9,23,0,3,761.5,0.4486693759974229,1274051.0
mobilenet_unet_lora,32,20110607_1,27,0,3,1226.0,0.1821183887801325,868575.0
mobilenet_unet_lora,32,20110607_2,27,0,3,771.5,0.3283175770912089,903313.0
mobilenet_unet_lora,32,20110607_3,27,0,3,979.0,0.2828101208426594,911246.0
mobilenet_unet_lora,32,20110607_4,27,0,3,945.0,0.2805457657662185,850277.0
mobilenet_unet_lora,32,20110607_7,27,0,3,1154.5,0.3203427599071751,1490209.0
mobilenet_unet_lora,32,20110607_9,27,0,3,1440.5,0.2234715761577225,1261135.0
mobilenet_unet_lora,32,20110610_1,30,0,3,2808.0,0.122173532236055,2244055.0
mobilenet_unet_lora,32,20110610_10,30,0,3,1125.0,0.3271354204341101,1501468.0
mobilenet_unet_lora,32,20110610_3,30,0,3,3824.0,0.070692376025977,1995931.0
mobilenet_unet_lora,32,20110610_4,30,0,3,2804.5,0.1217556796484963,1980035.0
mobilenet_unet_lora,32,20110610_6,30,0,3,1161.0,0.3124638905132059,1880497.0
mobilenet_unet_lora,32,20110610_9,30,0,3,1360.5,0.1732621542415201,1263738.0
mobilenet_unet_lora,32,20110617_1,37,0,3,916.5,0.327605731858497,969757.0
mobilenet_unet_lora,32,20110617_10,37,0,3,461.5,0.4619795286933666,642417.0
mobilenet_unet_lora,32,20110617_3,37,0,3,1510.5,0.1869869597598416,1418895.0
mobilenet_unet_lora,32,20110617_6,37,0,3,1302.0,0.3288527722390187,1386235.0
mobilenet_unet_lora,32,20110617_8,37,0,3,597.5,0.5098354185434077,1094973.0
mobilenet_unet_lora,32,20110617_9,37,0,3,846.0,0.256975236904619,806506.0
mobilenet_unet_lora,32,20110627_1,47,0,3,857.5,0.3699427044201266,1314683.0
mobilenet_unet_lora,32,20110627_10,47,0,3,2303.0,0.1049677318965361,1404124.0
mobilenet_unet_lora,32,20110627_3,47,0,3,997.0,0.2448061417902972,1619978.0
mobilenet_unet_lora,32,20110627_4,47,0,3,886.5,0.2677328724695129,1283254.0
mobilenet_unet_lora,32,20110627_5,47,0,3,1172.5,0.2254584024817668,1202719.0
mobilenet_unet_lora,32,20110627_6,47,0,3,1613.5,0.1478933881573323,1109735.0
