architecture,device,gpu_name,lora_r,precision,onnx,enc_trainable_ratio_%,dec_trainable_ratio_%,overall_trainable_ratio_%,mean_dice,bf1,phase_vol_error,latency_mean_ms,fps,peak_allocated_mb,peak_reserved_mb,pytorch_ver,onnxruntime_ver,latency_p50_ms,latency_p99_ms,mean_iou,aji
EDGE_SAM,CUDA,NVIDIA RTX A5000,FULL,FP32,False,100.0,100.0,100.0,,,,13.550215192139149,73.79956597147826,169.19921875,184.0,2.0.1+cu117,1.16.3,13.463600538671017,16.297041848301888,,
EDGE_SAM,CUDA,NVIDIA RTX A5000,FULL,FP32,True,100.0,100.0,100.0,,,,4.99825968593359,200.06963680063714,16.5,290.0,2.0.1+cu117,1.16.3,4.942584782838821,5.374012347310781,,
EDGE_SAM,CUDA,NVIDIA RTX A5000,FULL,FP16,False,100.0,100.0,100.0,,,,18.849792201071978,53.050982702245946,149.2353515625,172.0,2.0.1+cu117,1.16.3,18.79973616451025,20.392039977014065,,
EDGE_SAM,CUDA,NVIDIA RTX A5000,FULL,FP16,True,100.0,100.0,100.0,,,,5.110487267374992,195.67605742488252,8.25,228.0,2.0.1+cu117,1.16.3,5.068136379122734,5.404236186295748,,
EDGE_SAM,CUDA,NVIDIA RTX A5000,2,FP32,False,0.8517487384722464,100.0,3.89804647044407,0.6327502712390191,0.904817023134705,0.0861707553267479,15.614936709403992,64.04124580266513,177.32421875,204.0,2.0.1+cu117,1.16.3,15.537487342953682,16.893807370215654,0.4817034957085579,0.46498969001600277
EDGE_SAM,CUDA,NVIDIA RTX A5000,2,FP32,True,0.8517487384722464,100.0,3.89804647044407,0.6327502712390191,0.904817023134705,0.0861707553267479,4.979544281959534,200.82158996414896,24.625,418.0,2.0.1+cu117,1.16.3,4.940146580338478,5.264390874654055,0.4817034957085579,0.46498969001600277
EDGE_SAM,CUDA,NVIDIA RTX A5000,2,FP16,False,0.8517487384722464,100.0,3.89804647044407,0.6327502712390191,0.904817023134705,0.0861707553267479,18.630416098982096,53.67566643101636,157.3603515625,192.0,2.0.1+cu117,1.16.3,18.5861699283123,20.02056347206235,0.4817034957085579,0.46498969001600277
EDGE_SAM,CUDA,NVIDIA RTX A5000,2,FP16,True,0.8517487384722464,100.0,3.89804647044407,0.6327502712390191,0.904817023134705,0.0861707553267479,5.3108822628855705,188.2926320902223,16.375,248.0,2.0.1+cu117,1.16.3,5.255384370684624,5.5791843123734,0.4817034957085579,0.46498969001600277
EDGE_SAM,CUDA,NVIDIA RTX A5000,4,FP32,False,0.8517487384722464,100.0,3.89804647044407,0.6376517436997875,0.9176169488158364,0.05531230568885803,15.410142820328474,64.89232524703392,177.94921875,204.0,2.0.1+cu117,1.16.3,15.331516973674297,16.082181353121996,0.4900921192837987,0.4048596427320981
EDGE_SAM,CUDA,NVIDIA RTX A5000,4,FP32,True,0.8517487384722464,100.0,3.89804647044407,0.6376517436997875,0.9176169488158364,0.05531230568885803,3.994331393390894,250.35479070530337,24.625,418.0,2.0.1+cu117,1.16.3,3.944709897041321,4.229216985404491,0.4900921192837987,0.4048596427320981
EDGE_SAM,CUDA,NVIDIA RTX A5000,4,FP16,False,0.8517487384722464,100.0,3.89804647044407,0.6376517436997875,0.9176169488158364,0.05531230568885803,16.04372100904584,62.329680217960394,157.3603515625,192.0,2.0.1+cu117,1.16.3,15.961861237883568,17.268519587814808,0.4900921192837987,0.4048596427320981
EDGE_SAM,CUDA,NVIDIA RTX A5000,4,FP16,True,0.8517487384722464,100.0,3.89804647044407,0.6376517436997875,0.9176169488158364,0.05531230568885803,4.4202810153365135,226.22996061345899,16.375,248.0,2.0.1+cu117,1.16.3,4.379060119390488,4.7724938951432705,0.4900921192837987,0.4048596427320981
EDGE_SAM,CUDA,NVIDIA RTX A5000,8,FP32,False,0.8517487384722464,100.0,3.89804647044407,0.7267973388080646,0.952490572847105,0.03627057746052742,13.364957883954048,74.82253282672883,177.94921875,204.0,2.0.1+cu117,1.16.3,13.357208110392094,13.885624296963215,0.5875833256059233,0.4839154554360237
EDGE_SAM,CUDA,NVIDIA RTX A5000,8,FP32,True,0.8517487384722464,100.0,3.89804647044407,0.7267973388080646,0.952490572847105,0.03627057746052742,4.018088962882757,248.87452946849518,24.625,418.0,2.0.1+cu117,1.16.3,3.9888201281428337,4.2123764753341675,0.5875833256059233,0.4839154554360237
EDGE_SAM,CUDA,NVIDIA RTX A5000,8,FP16,False,0.8517487384722464,100.0,3.89804647044407,0.7267973388080646,0.952490572847105,0.03627057746052742,15.963387973606586,62.64334373463651,157.3603515625,194.0,2.0.1+cu117,1.16.3,15.873118303716183,16.955328695476055,0.5875833256059233,0.4839154554360237
EDGE_SAM,CUDA,NVIDIA RTX A5000,8,FP16,True,0.8517487384722464,100.0,3.89804647044407,0.7267973388080646,0.952490572847105,0.03627057746052742,4.379671912640333,228.32760534273424,16.375,250.0,2.0.1+cu117,1.16.3,4.330920986831188,4.700582101941109,0.5875833256059233,0.4839154554360237
EDGE_SAM,CUDA,NVIDIA RTX A5000,16,FP32,False,0.8517487384722464,100.0,3.89804647044407,0.6759736073341561,0.9460314660404113,0.038614872843027115,13.346232209354639,74.92751394652643,177.94921875,206.0,2.0.1+cu117,1.16.3,13.319747522473335,14.005792550742624,0.5325354679944392,0.42026940710975313
EDGE_SAM,CUDA,NVIDIA RTX A5000,16,FP32,True,0.8517487384722464,100.0,3.89804647044407,0.6759736073341561,0.9460314660404113,0.038614872843027115,4.0375551879405975,247.67463315097416,24.625,418.0,2.0.1+cu117,1.16.3,3.989853896200657,4.272125046700239,0.5325354679944392,0.42026940710975313
EDGE_SAM,CUDA,NVIDIA RTX A5000,16,FP16,False,0.8517487384722464,100.0,3.89804647044407,0.6759736073341561,0.9460314660404113,0.038614872843027115,16.052723601460457,62.29472485958839,157.3603515625,196.0,2.0.1+cu117,1.16.3,15.958334319293499,16.948502380400896,0.5325354679944392,0.42026940710975313
EDGE_SAM,CUDA,NVIDIA RTX A5000,16,FP16,True,0.8517487384722464,100.0,3.89804647044407,0.6759736073341561,0.9460314660404113,0.038614872843027115,4.387759670615196,227.90673944541558,16.375,250.0,2.0.1+cu117,1.16.3,4.356762394309044,4.679388385266066,0.5325354679944392,0.42026940710975313
EDGE_SAM,CUDA,NVIDIA RTX A5000,32,FP32,False,0.8517487384722464,100.0,3.89804647044407,0.7095979078582461,0.950410693897332,0.03445335105061531,13.307129994034767,75.14768401964011,177.94921875,208.0,2.0.1+cu117,1.16.3,13.25324922800064,13.777439128607512,0.5674606103839048,0.3715078377705923
EDGE_SAM,CUDA,NVIDIA RTX A5000,32,FP32,True,0.8517487384722464,100.0,3.89804647044407,0.7095979078582461,0.950410693897332,0.03445335105061531,4.007708303630352,249.51915764282487,24.625,420.0,2.0.1+cu117,1.16.3,3.966802731156349,4.279046859592199,0.5674606103839048,0.3715078377705923
EDGE_SAM,CUDA,NVIDIA RTX A5000,32,FP16,False,0.8517487384722464,100.0,3.89804647044407,0.7095979078582461,0.950410693897332,0.03445335105061531,16.130480282008648,61.994434295633695,157.3603515625,198.0,2.0.1+cu117,1.16.3,16.020556911826134,17.09187066182494,0.5674606103839048,0.3715078377705923
EDGE_SAM,CUDA,NVIDIA RTX A5000,32,FP16,True,0.8517487384722464,100.0,3.89804647044407,0.7095979078582461,0.950410693897332,0.03445335105061531,4.443141259253025,225.0659931005927,16.375,250.0,2.0.1+cu117,1.16.3,4.407230764627457,4.709369279444218,0.5674606103839048,0.3715078377705923
MOBILENET_UNET,CUDA,NVIDIA RTX A5000,FULL,FP32,False,100.0,100.0,100.0,,,,6.166475389152765,162.16719226011435,186.00732421875,214.0,2.0.1+cu117,1.16.3,6.118829362094402,6.560147870332003,,
MOBILENET_UNET,CUDA,NVIDIA RTX A5000,FULL,FP32,True,100.0,100.0,100.0,,,,2.737570472061634,365.2873999794829,24.625,340.0,2.0.1+cu117,1.16.3,2.7132658287882805,4.008469227701424,,
MOBILENET_UNET,CUDA,NVIDIA RTX A5000,FULL,FP16,False,100.0,100.0,100.0,,,,6.66996693611145,149.92578067905595,161.201171875,188.0,2.0.1+cu117,1.16.3,6.605586037039757,8.294464405626059,,
MOBILENET_UNET,CUDA,NVIDIA RTX A5000,FULL,FP16,True,100.0,100.0,100.0,,,,3.1369608864188194,318.7798752382942,16.375,240.0,2.0.1+cu117,1.16.3,3.0924957245588303,4.515195395797491,,
MOBILENET_UNET,CUDA,NVIDIA RTX A5000,2,FP32,False,1.5342986269034802,100.0,71.28118317352592,0.4168070265292043,0.9573112997688943,0.05704726278781891,7.551088586449623,132.43123670863736,186.00732421875,214.0,2.0.1+cu117,1.16.3,7.450862787663937,9.084969777613875,0.3602493159654927,0.6107127494229441
MOBILENET_UNET,CUDA,NVIDIA RTX A5000,2,FP32,True,1.5342986269034802,100.0,71.28118317352592,0.4168070265292043,0.9573112997688943,0.05704726278781891,2.714227046817541,368.4290159780517,24.625,326.0,2.0.1+cu117,1.16.3,2.7133896946907043,2.7997333370149136,0.3602493159654927,0.6107127494229441
MOBILENET_UNET,CUDA,NVIDIA RTX A5000,2,FP16,False,1.5342986269034802,100.0,71.28118317352592,0.4168070265292043,0.9573112997688943,0.05704726278781891,7.985049031674862,125.23404628239963,161.201171875,204.0,2.0.1+cu117,1.16.3,7.987614721059799,10.52783705294132,0.3602493159654927,0.6107127494229441
MOBILENET_UNET,CUDA,NVIDIA RTX A5000,2,FP16,True,1.5342986269034802,100.0,71.28118317352592,0.4168070265292043,0.9573112997688943,0.05704726278781891,2.9988437332212925,333.4618569557213,16.375,240.0,2.0.1+cu117,1.16.3,2.9857298359274864,3.0982747115194798,0.3602493159654927,0.6107127494229441
MOBILENET_UNET,CUDA,NVIDIA RTX A5000,4,FP32,False,1.5342986269034802,100.0,71.28118317352592,0.4159885770545959,0.9642788515055398,0.039709120988845825,7.505947232246399,133.22768853261942,186.00732421875,214.0,2.0.1+cu117,1.16.3,7.421898655593395,9.020427037030458,0.3587142477526707,0.6693397424117792
MOBILENET_UNET,CUDA,NVIDIA RTX A5000,4,FP32,True,1.5342986269034802,100.0,71.28118317352592,0.4159885770545959,0.9642788515055398,0.039709120988845825,2.7356040067970753,365.5499836655193,24.625,326.0,2.0.1+cu117,1.16.3,2.6925290003418922,4.212084952741861,0.3587142477526707,0.6693397424117792
MOBILENET_UNET,CUDA,NVIDIA RTX A5000,4,FP16,False,1.5342986269034802,100.0,71.28118317352592,0.4159885770545959,0.9642788515055398,0.039709120988845825,6.673570964485407,149.84481401661535,161.201171875,204.0,2.0.1+cu117,1.16.3,6.60907756537199,8.220371194183825,0.3587142477526707,0.6693397424117792
MOBILENET_UNET,CUDA,NVIDIA RTX A5000,4,FP16,True,1.5342986269034802,100.0,71.28118317352592,0.4159885770545959,0.9642788515055398,0.039709120988845825,2.6058584973216057,383.7506913855206,16.375,240.0,2.0.1+cu117,1.16.3,2.582619898021221,3.958847299218178,0.3587142477526707,0.6693397424117792
MOBILENET_UNET,CUDA,NVIDIA RTX A5000,8,FP32,False,1.5342986269034802,100.0,71.28118317352592,0.41724374386426794,0.9711169446147491,0.026042457669973373,7.536480855196714,132.68792414041081,186.00732421875,214.0,2.0.1+cu117,1.16.3,7.422896102070808,9.073247779160736,0.3602480652211294,0.6337303883722357
MOBILENET_UNET,CUDA,NVIDIA RTX A5000,8,FP32,True,1.5342986269034802,100.0,71.28118317352592,0.41724374386426794,0.9711169446147491,0.026042457669973373,2.780768610537052,359.61280496720985,24.625,326.0,2.0.1+cu117,1.16.3,2.754274755716324,4.124892428517341,0.3602480652211294,0.6337303883722357
MOBILENET_UNET,CUDA,NVIDIA RTX A5000,8,FP16,False,1.5342986269034802,100.0,71.28118317352592,0.41724374386426794,0.9711169446147491,0.026042457669973373,6.717356953769922,148.86807517929785,161.201171875,204.0,2.0.1+cu117,1.16.3,6.622603163123131,8.2241777703166,0.3602480652211294,0.6337303883722357
MOBILENET_UNET,CUDA,NVIDIA RTX A5000,8,FP16,True,1.5342986269034802,100.0,71.28118317352592,0.41724374386426794,0.9711169446147491,0.026042457669973373,2.658857624977827,376.1013717341632,16.375,240.0,2.0.1+cu117,1.16.3,2.6163235306739807,4.148217868059874,0.3602480652211294,0.6337303883722357
MOBILENET_UNET,CUDA,NVIDIA RTX A5000,16,FP32,False,1.5342986269034802,100.0,71.28118317352592,0.10809549700161737,0.38802718929850216,0.7537365555763245,7.563789166510105,132.2088675379347,186.00732421875,214.0,2.0.1+cu117,1.16.3,7.449012249708176,9.261640831828116,0.06895525324067167,0.1315699548647325
MOBILENET_UNET,CUDA,NVIDIA RTX A5000,16,FP32,True,1.5342986269034802,100.0,71.28118317352592,0.10809549700161737,0.38802718929850216,0.7537365555763245,3.142113506793976,318.25712146864487,24.625,328.0,2.0.1+cu117,1.16.3,3.1172679737210274,3.284332081675529,0.06895525324067167,0.1315699548647325
MOBILENET_UNET,CUDA,NVIDIA RTX A5000,16,FP16,False,1.5342986269034802,100.0,71.28118317352592,0.10809549700161737,0.38802718929850216,0.7537365555763245,8.103220615535975,123.40772236692418,161.201171875,204.0,2.0.1+cu117,1.16.3,7.997939363121986,10.004486162215471,0.06895525324067167,0.1315699548647325
MOBILENET_UNET,CUDA,NVIDIA RTX A5000,16,FP16,True,1.5342986269034802,100.0,71.28118317352592,0.10809549700161737,0.38802718929850216,0.7537365555763245,2.628700602799654,380.4160880607577,16.375,240.0,2.0.1+cu117,1.16.3,2.5969939306378365,2.8368970379233343,0.06895525324067167,0.1315699548647325
MOBILENET_UNET,CUDA,NVIDIA RTX A5000,32,FP32,False,1.5342986269034802,100.0,71.28118317352592,0.07125783094712305,0.794401187460601,0.14650794863700867,6.237722843885422,160.31491379586672,186.00732421875,216.0,2.0.1+cu117,1.16.3,6.135007366538048,7.790857125073671,0.038497655103010536,0.5580851277082709
MOBILENET_UNET,CUDA,NVIDIA RTX A5000,32,FP32,True,1.5342986269034802,100.0,71.28118317352592,0.07125783094712305,0.794401187460601,0.14650794863700867,2.7546376176178455,363.0241573716617,24.625,328.0,2.0.1+cu117,1.16.3,2.741597592830658,2.831906117498874,0.038497655103010536,0.5580851277082709
MOBILENET_UNET,CUDA,NVIDIA RTX A5000,32,FP16,False,1.5342986269034802,100.0,71.28118317352592,0.07125783094712305,0.794401187460601,0.14650794863700867,6.643016662448645,150.53401952952436,161.201171875,204.0,2.0.1+cu117,1.16.3,6.5602511167526245,8.400912806391716,0.038497655103010536,0.5580851277082709
MOBILENET_UNET,CUDA,NVIDIA RTX A5000,32,FP16,True,1.5342986269034802,100.0,71.28118317352592,0.07125783094712305,0.794401187460601,0.14650794863700867,2.676907118409872,373.5654454062705,16.375,240.0,2.0.1+cu117,1.16.3,2.6541491970419884,2.7882304787635794,0.038497655103010536,0.5580851277082709
MOBILE_SAM,CUDA,NVIDIA RTX A5000,FULL,FP32,False,100.0,100.0,100.0,,,,18.85442477837205,53.037947948807336,528.26025390625,580.0,2.0.1+cu117,1.16.3,18.80306378006935,20.09387794882059,,
MOBILE_SAM,CUDA,NVIDIA RTX A5000,FULL,FP16,False,100.0,100.0,100.0,,,,13.964370362460613,71.6108191091971,270.69873046875,354.0,2.0.1+cu117,1.16.3,13.861381448805332,15.706372279673811,,
MOBILE_SAM,CUDA,NVIDIA RTX A5000,2,FP32,False,0.3002165225930741,100.0,9.215348905644287,0.8113632330851897,0.6532029578804859,0.023551801219582558,18.88861060887575,52.94195643644114,528.26025390625,708.0,2.0.1+cu117,1.16.3,18.85144878178835,19.000524729490277,0.6921066538516463,0.23830858174201286
MOBILE_SAM,CUDA,NVIDIA RTX A5000,2,FP16,False,0.3002165225930741,100.0,9.215348905644287,0.8113632330851897,0.6532029578804859,0.023551801219582558,17.461931694298983,57.26743280793399,270.69873046875,444.0,2.0.1+cu117,1.16.3,17.27866567671299,19.700093250721693,0.6921066538516463,0.23830858174201286
MOBILE_SAM,CUDA,NVIDIA RTX A5000,4,FP32,False,0.3002165225930741,100.0,9.215348905644287,0.48074564043431006,0.33412398137583,0.24744771420955658,19.040031500160694,52.52092151168763,528.26025390625,708.0,2.0.1+cu117,1.16.3,19.01331450790167,19.16737850755453,0.33985319852292034,0.34074663290682367
MOBILE_SAM,CUDA,NVIDIA RTX A5000,4,FP16,False,0.3002165225930741,100.0,9.215348905644287,0.48074564043431006,0.33412398137583,0.24744771420955658,17.46988306194544,57.241367698579225,270.69873046875,444.0,2.0.1+cu117,1.16.3,17.292753793299198,19.84081057831645,0.33985319852292034,0.34074663290682367
MOBILE_SAM,CUDA,NVIDIA RTX A5000,8,FP32,False,0.3002165225930741,100.0,9.215348905644287,0.8122911008231422,0.6435867226136321,0.02567402459681034,19.107856560498476,52.334493763538724,528.26025390625,708.0,2.0.1+cu117,1.16.3,19.070252776145935,19.29933685809373,0.6927300820016028,0.24895486970623867
MOBILE_SAM,CUDA,NVIDIA RTX A5000,8,FP16,False,0.3002165225930741,100.0,9.215348905644287,0.8122911008231422,0.6435867226136321,0.02567402459681034,17.489569764584303,57.17693536549773,270.69873046875,444.0,2.0.1+cu117,1.16.3,17.330762930214405,19.54899281263351,0.6927300820016028,0.24895486970623867
MOBILE_SAM,CUDA,NVIDIA RTX A5000,16,FP32,False,0.3002165225930741,100.0,9.215348905644287,0.6405739845384186,0.6713603299349076,0.02387321926653385,19.14815279841423,52.22435869024483,528.26025390625,708.0,2.0.1+cu117,1.16.3,19.1238671541214,19.241804145276546,0.5622436906354163,0.33283613713065424
MOBILE_SAM,CUDA,NVIDIA RTX A5000,16,FP16,False,0.3002165225930741,100.0,9.215348905644287,0.6405739845384186,0.6713603299349076,0.02387321926653385,17.39085393026471,57.50148923163192,270.69873046875,444.0,2.0.1+cu117,1.16.3,17.24569033831358,19.29292593151331,0.5622436906354163,0.33283613713065424
MOBILE_SAM,CUDA,NVIDIA RTX A5000,32,FP32,False,0.3002165225930741,100.0,9.215348905644287,0.4215947006654805,0.6567884337248022,0.022681187838315964,19.19075096026063,52.108435051382635,528.26025390625,708.0,2.0.1+cu117,1.16.3,19.193341955542564,19.392396863549944,0.36606671361719795,0.2702611050461851
MOBILE_SAM,CUDA,NVIDIA RTX A5000,32,FP16,False,0.3002165225930741,100.0,9.215348905644287,0.4215947006654805,0.6567884337248022,0.022681187838315964,17.429724130779505,57.37325459064952,270.69873046875,444.0,2.0.1+cu117,1.16.3,17.3061890527606,19.19917659834027,0.36606671361719795,0.2702611050461851
